#VRML V2.0 utf8
# 3D model generated by easyeda2kicad.py (https://github.com/uPesy/easyeda2kicad.py)

Shape{
    appearance Appearance {
        material  Material 	{
            diffuseColor 1.0 1.0 1.0
            specularColor 0.5019607843137255 0.5019607843137255 0.5019607843137255
            ambientIntensity 1.0
            transparency 0.0
            shininess 0.5
        }
    }
    geometry IndexedFaceSet {
        ccw TRUE
        solid FALSE
        coord DEF co Coordinate {
            point [
                3.0627 -7.2737 1.5276, 3.0589 -7.2741 1.5276, 3.0976 -7.2741 1.5276, 2.9413 -6.8585 1.5276, 2.9522 -6.8572 1.5276, 2.8889 -6.8572 1.5276, 2.5862 -6.9833 1.5276, 2.6171 -7.0094 1.5276, 2.7252 -6.8572 1.5276, 2.7252 -7.02 1.5276, 2.4346 -6.8407 1.5276, 2.4592 -6.8572 1.5276, 2.4854 -6.8748 1.5276, 2.523 -6.9182 1.5276, 2.5469 -6.9647 1.5276, 2.5523 -6.9665 1.5276, 2.2217 -6.8428 1.5276, 2.2742 -6.8225 1.5276, -1.0019 6.4193 1.5276, 2.7252 6.4193 1.5276, 2.3305 -6.8156 1.5276, 2.3775 -6.8205 1.5276, 2.1984 -6.8572 1.5276, -1.0019 -6.8572 1.5276, 2.1939 -6.86 1.5276, 2.0727 -6.9134 1.5276, 2.1176 -6.9078 1.5276, 2.1672 -6.8829 1.5276, 2.1307 -6.9085 1.5276, 2.1438 -6.9101 1.5276, 1.9867 -6.9625 1.5276, 1.9943 -6.9552 1.5276, 2.0305 -6.9298 1.5276, -1.0019 -7.02 1.5276, -1.0019 -7.067 1.5276, 1.9361 -7.067 1.5276, 1.9411 -7.0387 1.5276, 1.9494 -7.02 1.5276, 1.9592 -6.9977 1.5276, 2.0576 -7.2667 1.5276, 2.0164 -7.2466 1.5276, -1.0019 -7.2741 1.5276, 1.981 -7.2164 1.5276, 1.9551 -7.1794 1.5276, 1.9387 -7.137 1.5276, 1.9332 -7.0923 1.5276, 1.9335 -7.0815 1.5276, 2.0721 -7.271 1.5276, 2.0735 -7.2741 1.5276, 2.0818 -7.2926 1.5276, 2.0981 -7.314 1.5276, 2.2283 -7.3375 1.5276, 2.2042 -7.3459 1.5276, 2.7252 -7.5571 1.5276, 2.1803 -7.3484 1.5276, 2.1724 -7.3482 1.5276, -1.0019 -7.5571 1.5276, 2.1457 -7.3432 1.5276, -1.0019 -7.3375 1.5276, 2.1333 -7.3375 1.5276, 2.1198 -7.3314 1.5276, 2.2867 -7.2741 1.5276, 2.2862 -7.2761 1.5276, 2.7252 -7.3375 1.5276, 2.2724 -7.3013 1.5276, 2.253 -7.322 1.5276, 2.2298 -7.337 1.5276, 2.6543 -7.0765 1.5276, 2.6596 -7.1139 1.5276, 2.7252 -7.067 1.5276, 2.4323 -7.2069 1.5276, 2.4401 -7.2038 1.5276, 2.4535 -7.1389 1.5276, 2.6175 -7.2221 1.5276, 2.5866 -7.2482 1.5276, 2.7252 -7.2741 1.5276, 2.2656 -7.1583 1.5276, 2.4182 -7.0786 1.5276, 2.2483 -7.142 1.5276, 2.2246 -7.1284 1.5276, 2.4253 -7.2119 1.5276, 2.6401 -7.1904 1.5276, 2.5886 -7.1068 1.5276, 2.5837 -7.0848 1.5276, 2.5745 -7.067 1.5276, 2.0074 -7.067 1.5276, 2.6544 -7.1544 1.5276, 2.449 -7.2027 1.5276, 2.4501 -7.2028 1.5276, 2.4535 -7.2035 1.5276, 2.0067 -7.11 1.5276, 2.088 -7.1672 1.5276, 2.0049 -7.09 1.5276, 2.1074 -7.1464 1.5276, 2.1312 -7.1309 1.5276, 2.0155 -7.1378 1.5276, 2.0308 -7.162 1.5276, 2.0748 -7.1906 1.5276, 2.0519 -7.1821 1.5276, 2.0732 -7.1947 1.5276, 2.4137 -7.238 1.5276, 2.414 -7.2335 1.5276, 2.2941 -7.2232 1.5276, 2.4162 -7.2248 1.5276, 2.4206 -7.2171 1.5276, 2.1565 -7.1221 1.5276, 2.1803 -7.1196 1.5276, 2.1974 -7.1209 1.5276, 2.5665 -7.1745 1.5276, 2.5789 -7.1567 1.5276, 2.5865 -7.1363 1.5276, 2.589 -7.115 1.5276, 2.4403 -7.2723 1.5276, 2.4327 -7.2693 1.5276, 2.4254 -7.264 1.5276, 2.4227 -7.2614 1.5276, 2.4177 -7.2542 1.5276, 2.4147 -7.2465 1.5276, 2.2933 -7.2481 1.5276, 2.2941 -7.2346 1.5276, 2.5518 -7.2653 1.5276, 2.5139 -7.2733 1.5276, 2.4467 -7.2733 1.5276, 2.4558 -7.2038 1.5276, 2.507 -7.2038 1.5276, 2.5247 -7.2008 1.5276, 2.5451 -7.1921 1.5276, 2.5624 -7.1789 1.5276, 2.0164 -7.0404 1.5276, 2.0075 -7.0661 1.5276, 2.4911 -7.0262 1.5276, 2.5002 -7.0262 1.5276, 2.5212 -7.0287 1.5276, 2.5735 -7.0649 1.5276, 2.5588 -7.0484 1.5276, 2.5411 -7.0362 1.5276, 2.4663 -6.9574 1.5276, 2.4405 -6.9268 1.5276, 2.1791 -6.9932 1.5276, 2.4381 -6.9246 1.5276, 2.4062 -6.9024 1.5276, 2.1966 -6.9571 1.5276, 2.0295 -7.02 1.5276, 2.1715 -6.989 1.5276, 2.4897 -7.02 1.5276, 2.4839 -6.994 1.5276, 2.146 -6.9796 1.5276, 2.1188 -6.9761 1.5276, 2.1053 -6.9769 1.5276, 2.2221 -6.9266 1.5276, 2.3705 -6.8887 1.5276, 2.2525 -6.9044 1.5276, 2.3317 -6.8839 1.5276, 2.2896 -6.8893 1.5276, 2.0773 -6.984 1.5276, 2.0521 -6.9978 1.5276, 2.0313 -7.0173 1.5276, 2.6247 -7.02 1.5276, 2.6404 -7.0418 1.5276, 2.6505 -7.067 1.5276, 3.3943 -6.9749 1.5276, 3.3355 -6.9749 1.5276, 3.4106 -7.0187 1.5276, 3.3355 -7.02 1.5276, 3.4334 -7.0187 1.5276, 3.937 -7.02 1.5276, 3.937 -6.8572 1.5276, 3.3724 -6.8586 1.5276, 3.3355 -6.8572 1.5276, 3.3276 -6.9749 1.5276, 3.3122 -7.0187 1.5276, 3.2849 -7.02 1.5276, 3.2893 -7.0187 1.5276, 3.2849 -6.8572 1.5276, 3.3355 -6.8975 1.5276, 3.3503 -6.8586 1.5276, 3.0976 -6.9466 1.5276, 3.0544 -6.9466 1.5276, 3.0976 -7.0004 1.5276, 3.0544 -7.0004 1.5276, 3.135 -6.8572 1.5276, 3.0976 -6.8572 1.5276, 3.1162 -6.8586 1.5276, 3.0976 -6.8586 1.5276, 3.1162 -6.877 1.5276, 3.1198 -7.0004 1.5276, 3.135 -7.02 1.5276, 3.1198 -7.0187 1.5276, 3.0976 -7.02 1.5276, 3.1116 -6.9466 1.5276, 3.1116 -6.9282 1.5276, 3.0976 -6.9282 1.5276, 3.0976 -6.877 1.5276, 3.0544 -6.877 1.5276, 3.0544 -6.9282 1.5276, 3.0337 -6.8586 1.5276, 3.0244 -6.8572 1.5276, 3.0337 -7.0187 1.5276, 3.0016 -6.9923 1.5276, 3.0016 -7.0121 1.5276, 3.0244 -7.02 1.5276, 2.9832 -7.0187 1.5276, 2.9704 -7.02 1.5276, 2.9801 -6.8572 1.5276, 2.9859 -6.8577 1.5276, 3.0016 -6.8624 1.5276, 3.0016 -6.884 1.5276, 2.9603 -7.003 1.5276, 2.967 -7.0028 1.5276, 3.0976 -7.0187 1.5276, 2.9853 -6.9995 1.5276, 2.9192 -6.8935 1.5276, 2.9114 -6.9046 1.5276, 2.9061 -6.9185 1.5276, 2.9847 -6.8771 1.5276, 2.9639 -6.8745 1.5276, 2.9568 -6.8748 1.5276, 2.943 -6.8777 1.5276, 2.9034 -6.9404 1.5276, 2.9035 -6.9419 1.5276, 2.906 -6.9616 1.5276, 2.9231 -6.9899 1.5276, 2.9338 -6.9971 1.5276, 2.9454 -7.0013 1.5276, 2.9305 -6.8837 1.5276, 2.9203 -6.8923 1.5276, 2.911 -6.9746 1.5276, 2.9192 -6.9861 1.5276, 2.8889 6.4193 1.5276, 2.9637 -6.8559 1.5276, 3.0244 6.4193 1.5276, 2.9652 -6.8559 1.5276, 2.8928 -6.8954 1.5276, 2.9049 -6.8794 1.5276, 2.9089 -6.8756 1.5276, 2.9244 -6.8648 1.5276, 2.8889 -6.9782 1.5276, 2.8844 -6.9657 1.5276, 2.8793 -7.02 1.5276, 2.8817 -6.9417 1.5276, 2.882 -6.9345 1.5276, 2.8793 -6.8572 1.5276, 2.8854 -6.9133 1.5276, 2.8889 -6.9048 1.5276, 2.9294 -7.0171 1.5276, 2.9144 -7.0098 1.5276, 2.8889 -7.02 1.5276, 2.9023 -6.9995 1.5276, 2.8998 -6.9968 1.5276, 2.8906 -6.9828 1.5276, 2.943 -7.02 1.5276, 2.8889 -7.067 1.5276, 2.9466 -7.0208 1.5276, 2.9573 -7.0214 1.5276, 3.0244 -7.067 1.5276, -1.9685 -7.5571 1.5276, -1.9685 -7.3375 1.5276, -1.9685 -7.2741 1.5276, -1.9685 -7.067 1.5276, -1.9685 -7.02 1.5276, -1.9685 -6.8572 1.5276, -1.9685 -5.5886 1.5276, -3.937 -5.5886 1.5276, -3.937 6.4193 1.5276, 3.2234 -6.8572 1.5276, 3.2234 -6.8625 1.5276, 3.2392 -6.8681 1.5276, 3.2758 -6.9665 1.5276, 3.2677 -6.9829 1.5276, 3.2563 -6.8798 1.5276, 3.2621 -6.8854 1.5276, 3.2719 -6.8994 1.5276, 3.2234 -7.0143 1.5276, 3.2234 -7.02 1.5276, 3.2374 -7.0094 1.5276, 3.2563 -6.9963 1.5276, 3.2532 -6.999 1.5276, 3.2778 -6.9147 1.5276, 3.2805 -6.9366 1.5276, 3.2799 -6.9479 1.5276, 3.1958 -6.8586 1.5276, 3.2198 -6.8612 1.5276, 3.2187 -7.016 1.5276, 3.1941 -7.0187 1.5276, 3.1501 -7.0187 1.5276, 3.1501 -6.8586 1.5276, 2.9508 -7.2714 1.5276, 2.9433 -7.2741 1.5276, 2.9679 -7.2727 1.5276, 2.9043 -7.2181 1.5276, 2.9072 -7.1859 1.5276, 2.9002 -7.2238 1.5276, 2.8975 -7.2309 1.5276, 2.9579 -7.2666 1.5276, 2.9203 -7.274 1.5276, 2.9127 -7.2711 1.5276, 2.8889 -7.2741 1.5276, 2.8995 -7.258 1.5276, 2.8971 -7.2512 1.5276, 2.9072 -7.1664 1.5276, 2.9109 -7.1642 1.5276, 2.9672 -7.1594 1.5276, 3.0185 -7.1756 1.5276, 3.0222 -7.1702 1.5276, 2.9105 -7.2128 1.5276, 2.9191 -7.2084 1.5276, 2.9201 -7.1777 1.5276, 2.934 -7.2048 1.5276, 2.9515 -7.1728 1.5276, 2.9447 -7.172 1.5276, 2.9326 -7.1733 1.5276, 2.9059 -7.2664 1.5276, 2.9037 -7.2642 1.5276, 2.9679 -7.2551 1.5276, 2.9674 -7.2551 1.5276, 2.9643 -7.2598 1.5276, 2.9257 -7.1584 1.5276, 2.9466 -7.1557 1.5276, 2.9588 -7.1569 1.5276, 2.8961 -7.2421 1.5276, 2.8961 -7.2395 1.5276, 2.9739 -7.1632 1.5276, 2.9792 -7.1684 1.5276, 3.0161 -7.1821 1.5276, 2.9833 -7.1749 1.5276, 2.9864 -7.184 1.5276, 2.9679 -7.2 1.5276, 2.9672 -7.1912 1.5276, 2.9651 -7.184 1.5276, 2.9628 -7.1799 1.5276, 3.0242 -7.2108 1.5276, 3.0152 -7.248 1.5276, 3.0244 -7.2109 1.5276, 3.023 -7.2529 1.5276, 3.0244 -7.2534 1.5276, 3.021 -7.2073 1.5276, 3.0184 -7.2031 1.5276, 2.988 -7.1991 1.5276, 3.0161 -7.197 1.5276, 3.0153 -7.1892 1.5276, 2.9598 -7.1767 1.5276, 2.9562 -7.1744 1.5276, 2.9427 -7.2743 1.5276, 3.0244 -7.3375 1.5276, 2.8889 -7.3375 1.5276, 2.9323 -7.2754 1.5276, 2.9207 -7.2741 1.5276, 3.0152 -7.2687 1.5276, 2.988 -7.2727 1.5276, 3.0244 -7.272 1.5276, 3.0244 -7.2741 1.5276, 3.0295 -7.2737 1.5276, 3.033 -7.2741 1.5276, 3.0462 -7.2754 1.5276, 3.0976 -7.3375 1.5276, 3.0869 -7.1608 1.5276, 3.0869 -7.1803 1.5276, 3.0281 -7.1648 1.5276, 3.0341 -7.1613 1.5276, 3.0914 -7.2497 1.5276, 3.089 -7.256 1.5276, 3.0852 -7.2613 1.5276, 3.0244 -7.1682 1.5276, 3.0451 -7.1573 1.5276, 3.0598 -7.1557 1.5276, 3.0976 -7.067 1.5276, 3.0709 -7.1565 1.5276, 3.0857 -7.2227 1.5276, 3.0894 -7.2282 1.5276, 3.0916 -7.2342 1.5276, 3.0924 -7.2416 1.5276, 3.0795 -7.2664 1.5276, 3.0736 -7.2698 1.5276, 3.0578 -7.172 1.5276, 3.0519 -7.1725 1.5276, 3.0359 -7.1874 1.5276, 3.0465 -7.1739 1.5276, 3.042 -7.1763 1.5276, 3.0361 -7.1901 1.5276, 3.0369 -7.1932 1.5276, 3.0384 -7.1959 1.5276, 3.0403 -7.1981 1.5276, 3.0474 -7.2025 1.5276, 3.071 -7.1735 1.5276, 3.0598 -7.2079 1.5276, 3.0823 -7.1777 1.5276, 3.0676 -7.211 1.5276, 3.0809 -7.2184 1.5276, 3.039 -7.179 1.5276, 3.0373 -7.1815 1.5276, 3.0363 -7.1842 1.5276, 3.0356 -7.2576 1.5276, 3.0457 -7.2225 1.5276, 3.0337 -7.217 1.5276, 3.0481 -7.2591 1.5276, 3.049 -7.2591 1.5276, 3.0588 -7.228 1.5276, 3.0593 -7.2579 1.5276, 3.0718 -7.2436 1.5276, 3.0716 -7.2411 1.5276, 3.0645 -7.256 1.5276, 3.0663 -7.2549 1.5276, 3.0686 -7.2529 1.5276, 3.0704 -7.2503 1.5276, 3.0714 -7.2474 1.5276, 3.0707 -7.238 1.5276, 3.0692 -7.2353 1.5276, 3.0667 -7.2327 1.5276, 3.1918 -7.1584 1.5276, 3.2126 -7.1584 1.5276, 3.2234 -7.067 1.5276, 3.1552 -7.2443 1.5276, 3.1576 -7.2537 1.5276, 3.1581 -7.2537 1.5276, 3.135 -7.067 1.5276, 3.135 -7.1862 1.5276, 3.1606 -7.2445 1.5276, 3.1591 -7.2498 1.5276, 3.135 -7.2401 1.5276, 3.1028 -7.1584 1.5276, 3.1253 -7.1584 1.5276, 3.147 -7.2741 1.5276, 3.1477 -7.2725 1.5276, 3.135 -7.3005 1.5276, 3.135 -7.3005 1.5276, 3.135 -7.2741 1.5276, 3.1389 -7.2933 1.5276, 3.107 -7.3071 1.5276, 3.107 -7.325 1.5276, 3.1111 -7.3085 1.5276, 3.1184 -7.3094 1.5276, 3.1232 -7.3089 1.5276, 3.135 -7.323 1.5276, 3.128 -7.3257 1.5276, 3.135 -7.3375 1.5276, 3.1199 -7.3266 1.5276, 3.1155 -7.3265 1.5276, 3.1276 -7.3072 1.5276, 3.1312 -7.3047 1.5276, 3.1607 -7.29 1.5276, 3.1516 -7.3077 1.5276, 3.2234 -7.3375 1.5276, 3.167 -7.2741 1.5276, 3.1443 -7.3165 1.5276, 3.1429 -7.3178 1.5276, 3.1359 -7.3227 1.5276, 3.2849 -7.2006 1.5276, 3.2549 -7.2006 1.5276, 3.2849 -7.2545 1.5276, 3.2549 -7.2545 1.5276, 3.3167 -7.1126 1.5276, 3.3167 -7.131 1.5276, 3.3355 -7.067 1.5276, 3.3204 -7.2545 1.5276, 3.3355 -7.2741 1.5276, 3.3204 -7.2727 1.5276, 3.2849 -7.2741 1.5276, 3.3122 -7.2006 1.5276, 3.3122 -7.1823 1.5276, 3.2849 -7.1823 1.5276, 3.2849 -7.131 1.5276, 3.2549 -7.131 1.5276, 3.2549 -7.1823 1.5276, 3.2849 -7.2727 1.5276, 3.2342 -7.2727 1.5276, 3.2234 -7.2741 1.5276, 3.2342 -7.1126 1.5276, 3.2849 -7.1126 1.5276, 3.2849 -7.067 1.5276, 3.0976 6.4193 1.5276, 3.135 6.4193 1.5276, 3.2234 6.4193 1.5276, 3.2849 6.4193 1.5276, 3.3355 6.4193 1.5276, 3.937 6.4193 1.5276, 2.8793 6.4193 1.5276, 2.8752 -7.0004 1.5276, 2.8752 -7.0187 1.5276, 2.7907 -7.0187 1.5276, 2.7907 -6.8586 1.5276, 2.8114 -6.8586 1.5276, 2.8114 -7.0004 1.5276, 2.8793 -7.067 1.5276, 3.5127 -7.2727 1.5276, 3.4899 -7.2727 1.5276, 3.6111 -7.2727 1.5276, 3.5948 -7.2289 1.5276, 3.5281 -7.2289 1.5276, 3.634 -7.2727 1.5276, 3.937 -7.2741 1.5276, 3.573 -7.1126 1.5276, 3.937 -7.067 1.5276, 3.4784 -7.1687 1.5276, 3.481 -7.1906 1.5276, 3.5509 -7.1126 1.5276, 3.4804 -7.202 1.5276, 3.4763 -7.2206 1.5276, 3.4682 -7.237 1.5276, 3.4568 -7.2503 1.5276, 3.4537 -7.2531 1.5276, 3.438 -7.2634 1.5276, 3.3506 -7.1126 1.5276, 3.3506 -7.2727 1.5276, 3.3947 -7.2727 1.5276, 3.4192 -7.2701 1.5276, 3.4568 -7.1338 1.5276, 3.4626 -7.1394 1.5276, 3.4725 -7.1534 1.5276, 3.3963 -7.1126 1.5276, 3.4204 -7.1152 1.5276, 3.4397 -7.1222 1.5276, 2.8793 -7.2741 1.5276, 2.7907 -7.2727 1.5276, 2.8769 -7.2727 1.5276, 2.8769 -7.2545 1.5276, 2.8732 -7.131 1.5276, 2.7907 -7.1126 1.5276, 2.8732 -7.1126 1.5276, 2.8114 -7.2006 1.5276, 2.8114 -7.2545 1.5276, 2.8687 -7.2006 1.5276, 2.8687 -7.1823 1.5276, 2.8114 -7.1823 1.5276, 2.8114 -7.131 1.5276, 3.2849 -7.3375 1.5276, 3.3355 -7.3375 1.5276, 3.937 -7.3375 1.5276, 2.8793 -7.3375 1.5276, 2.8793 -7.5571 1.5276, 2.8889 -7.5571 1.5276, 3.0244 -7.5571 1.5276, 3.0976 -7.5571 1.5276, 3.135 -7.5571 1.5276, 3.2234 -7.5571 1.5276, 3.2849 -7.5571 1.5276, 3.3355 -7.5571 1.5276, 3.937 -7.5571 1.5276
            ]
        }
        coordIndex [
            0,1,2,-1,3,4,5,-1,6,7,8,-1,8,7,9,-1,10,11,8,-1,8,11,12,-1,8,12,13,-1,13,14,8,-1,8,14,15,-1,8,15,6,-1,16,17,18,-1,18,17,19,-1,19,17,20,-1,19,20,21,-1,16,18,22,-1,22,18,23,-1,22,23,24,-1,23,25,24,-1,24,25,26,-1,24,26,27,-1,27,26,28,-1,27,28,29,-1,30,31,23,-1,23,31,32,-1,23,32,25,-1,33,34,35,-1,35,36,33,-1,33,36,37,-1,33,37,23,-1,23,37,38,-1,23,38,30,-1,39,40,41,-1,41,40,42,-1,41,42,43,-1,43,44,41,-1,41,44,45,-1,41,45,34,-1,34,45,46,-1,34,46,35,-1,47,39,48,-1,48,39,41,-1,48,41,49,-1,49,41,50,-1,51,52,53,-1,52,54,53,-1,53,54,55,-1,53,55,56,-1,56,55,57,-1,56,57,58,-1,58,57,59,-1,58,59,41,-1,41,59,60,-1,41,60,50,-1,61,62,63,-1,63,62,64,-1,64,65,63,-1,63,65,66,-1,63,66,51,-1,67,68,69,-1,70,71,72,-1,73,74,75,-1,76,77,78,-1,78,77,79,-1,70,72,80,-1,73,75,81,-1,82,83,77,-1,77,83,84,-1,77,84,85,-1,69,68,75,-1,75,68,86,-1,75,86,81,-1,71,87,72,-1,72,87,88,-1,72,88,89,-1,90,91,92,-1,92,91,93,-1,92,93,85,-1,85,93,94,-1,90,95,91,-1,91,95,96,-1,91,96,97,-1,97,96,98,-1,97,98,99,-1,100,101,102,-1,102,101,103,-1,102,103,72,-1,72,103,104,-1,72,104,80,-1,94,105,85,-1,85,105,106,-1,85,106,77,-1,77,106,107,-1,77,107,79,-1,108,109,72,-1,72,109,110,-1,72,110,77,-1,77,110,111,-1,77,111,82,-1,112,113,61,-1,61,113,114,-1,61,114,115,-1,115,116,61,-1,61,116,117,-1,61,117,118,-1,118,117,100,-1,118,100,119,-1,119,100,102,-1,74,120,75,-1,75,120,121,-1,75,121,61,-1,61,121,122,-1,61,122,112,-1,89,123,72,-1,72,123,124,-1,72,124,125,-1,125,126,72,-1,72,126,127,-1,72,127,108,-1,128,129,130,-1,129,85,130,-1,130,85,84,-1,130,84,131,-1,131,84,132,-1,133,134,84,-1,84,134,135,-1,84,135,132,-1,136,137,138,-1,137,139,138,-1,138,139,140,-1,138,140,141,-1,142,138,143,-1,128,130,142,-1,142,130,144,-1,142,144,138,-1,138,144,145,-1,138,145,136,-1,143,146,142,-1,142,146,147,-1,142,147,148,-1,141,140,149,-1,149,140,150,-1,149,150,151,-1,151,150,152,-1,151,152,153,-1,154,155,148,-1,148,155,156,-1,148,156,142,-1,7,157,9,-1,9,157,158,-1,9,158,69,-1,69,158,159,-1,69,159,67,-1,160,161,162,-1,162,161,163,-1,162,163,164,-1,165,166,167,-1,167,166,168,-1,161,169,163,-1,163,169,170,-1,163,170,171,-1,171,170,172,-1,171,172,173,-1,173,172,174,-1,173,174,168,-1,168,174,175,-1,168,175,167,-1,176,177,178,-1,178,177,179,-1,180,181,182,-1,182,181,183,-1,182,184,180,-1,180,184,185,-1,180,185,186,-1,186,185,187,-1,186,187,188,-1,176,178,189,-1,189,178,185,-1,189,185,190,-1,190,185,184,-1,190,184,191,-1,184,192,191,-1,191,192,193,-1,191,193,194,-1,183,181,195,-1,195,181,196,-1,195,196,197,-1,198,199,200,-1,200,199,201,-1,200,201,202,-1,203,204,196,-1,196,204,205,-1,196,205,206,-1,207,208,206,-1,187,209,188,-1,188,209,197,-1,188,197,200,-1,200,197,196,-1,200,196,198,-1,198,196,206,-1,198,206,210,-1,210,206,208,-1,211,212,206,-1,206,212,213,-1,214,215,206,-1,206,215,216,-1,206,216,217,-1,213,218,206,-1,206,218,219,-1,206,219,220,-1,221,222,206,-1,206,222,223,-1,206,223,207,-1,217,224,206,-1,206,224,225,-1,206,225,211,-1,220,226,206,-1,206,226,227,-1,206,227,221,-1,228,229,230,-1,230,229,231,-1,230,231,203,-1,5,232,233,-1,233,234,5,-1,5,234,235,-1,5,235,3,-1,236,237,238,-1,238,237,239,-1,239,240,241,-1,241,240,242,-1,241,242,5,-1,5,242,243,-1,5,243,232,-1,244,245,246,-1,245,247,246,-1,246,247,248,-1,246,248,249,-1,244,246,250,-1,250,246,251,-1,250,251,252,-1,252,251,253,-1,253,251,254,-1,253,254,202,-1,255,56,256,-1,256,56,58,-1,256,58,257,-1,257,58,41,-1,257,41,258,-1,258,41,34,-1,258,34,259,-1,259,34,33,-1,259,33,260,-1,260,33,23,-1,260,23,261,-1,261,23,18,-1,261,18,262,-1,262,18,263,-1,264,265,173,-1,173,265,266,-1,267,268,171,-1,266,269,173,-1,173,269,270,-1,173,270,271,-1,272,273,274,-1,274,273,171,-1,268,275,171,-1,171,275,276,-1,171,276,274,-1,271,277,173,-1,173,277,278,-1,173,278,171,-1,171,278,279,-1,171,279,267,-1,180,280,264,-1,264,280,281,-1,264,281,265,-1,272,282,273,-1,273,282,283,-1,273,283,186,-1,186,283,284,-1,186,284,180,-1,180,284,285,-1,180,285,280,-1,286,287,288,-1,289,290,291,-1,291,290,292,-1,286,288,293,-1,294,295,296,-1,296,297,298,-1,251,299,300,-1,301,302,303,-1,289,304,290,-1,290,304,305,-1,290,305,306,-1,306,305,307,-1,308,309,307,-1,307,309,310,-1,307,310,306,-1,295,311,296,-1,296,311,312,-1,296,312,297,-1,313,314,288,-1,288,314,315,-1,288,315,293,-1,300,316,251,-1,251,316,317,-1,251,317,318,-1,298,319,296,-1,296,319,320,-1,296,320,251,-1,251,320,292,-1,251,292,299,-1,299,292,290,-1,301,321,302,-1,302,321,322,-1,302,322,323,-1,323,322,324,-1,323,324,325,-1,326,327,307,-1,307,327,328,-1,307,328,329,-1,330,331,332,-1,332,331,333,-1,332,333,334,-1,335,336,337,-1,337,336,338,-1,337,338,325,-1,325,338,339,-1,325,339,323,-1,329,340,307,-1,307,340,341,-1,307,341,308,-1,287,342,343,-1,343,342,344,-1,344,342,345,-1,344,345,346,-1,330,335,331,-1,331,335,337,-1,331,337,347,-1,347,337,348,-1,347,348,349,-1,349,348,350,-1,349,350,351,-1,351,350,352,-1,353,352,343,-1,343,352,350,-1,343,350,287,-1,287,350,348,-1,287,348,288,-1,353,343,1,-1,1,343,354,-1,1,354,2,-1,355,356,2,-1,357,358,254,-1,359,360,2,-1,2,360,361,-1,318,301,251,-1,251,301,303,-1,251,303,254,-1,254,303,362,-1,254,362,357,-1,358,363,254,-1,254,363,364,-1,254,364,365,-1,365,364,366,-1,365,366,355,-1,367,368,356,-1,356,368,369,-1,356,369,2,-1,2,369,370,-1,2,370,359,-1,361,371,2,-1,2,371,372,-1,2,372,0,-1,373,374,375,-1,375,374,376,-1,375,376,377,-1,375,378,373,-1,373,378,379,-1,373,379,380,-1,380,381,373,-1,373,381,382,-1,373,382,383,-1,383,382,384,-1,383,384,385,-1,385,384,386,-1,385,386,356,-1,356,386,387,-1,356,387,367,-1,388,389,377,-1,377,389,390,-1,377,390,375,-1,391,392,334,-1,334,392,393,-1,334,393,332,-1,391,394,392,-1,392,394,395,-1,392,395,396,-1,396,395,397,-1,396,398,399,-1,397,400,396,-1,396,400,401,-1,396,401,402,-1,402,403,396,-1,396,403,404,-1,396,404,398,-1,399,405,396,-1,396,405,406,-1,396,406,407,-1,408,409,410,-1,411,412,413,-1,410,414,408,-1,408,414,415,-1,408,415,416,-1,416,415,411,-1,416,411,417,-1,417,411,413,-1,418,419,2,-1,355,2,365,-1,365,2,419,-1,365,419,414,-1,414,419,420,-1,414,420,415,-1,421,422,418,-1,423,424,425,-1,425,424,426,-1,425,426,421,-1,421,418,425,-1,425,418,2,-1,425,2,427,-1,427,2,354,-1,427,354,428,-1,427,429,425,-1,425,429,430,-1,425,430,431,-1,432,433,434,-1,434,433,435,-1,434,435,354,-1,354,435,436,-1,354,436,428,-1,431,437,425,-1,425,437,438,-1,425,438,423,-1,439,440,441,-1,439,441,442,-1,440,443,441,-1,441,443,444,-1,441,444,434,-1,434,444,445,-1,434,445,432,-1,446,447,448,-1,448,447,449,-1,450,451,452,-1,452,451,453,-1,452,453,454,-1,454,453,455,-1,454,455,456,-1,446,448,457,-1,457,448,453,-1,457,453,458,-1,458,453,451,-1,458,451,459,-1,451,460,459,-1,459,460,461,-1,459,461,462,-1,455,463,456,-1,456,463,464,-1,456,464,465,-1,465,464,466,-1,450,452,467,-1,467,452,468,-1,467,468,466,-1,466,468,410,-1,466,410,465,-1,465,410,409,-1,465,409,442,-1,203,196,230,-1,230,196,181,-1,230,181,469,-1,469,181,180,-1,469,180,470,-1,470,180,264,-1,470,264,471,-1,471,264,173,-1,471,173,472,-1,472,173,168,-1,472,168,473,-1,473,168,166,-1,473,166,474,-1,19,241,475,-1,475,241,5,-1,475,5,228,-1,228,5,4,-1,228,4,229,-1,239,241,238,-1,238,241,476,-1,238,476,477,-1,9,478,8,-1,8,478,479,-1,8,479,480,-1,481,476,480,-1,480,476,241,-1,480,241,8,-1,8,241,19,-1,8,19,10,-1,10,19,21,-1,202,254,200,-1,200,254,365,-1,200,365,188,-1,188,365,414,-1,188,414,186,-1,186,414,410,-1,186,410,273,-1,273,410,468,-1,273,468,171,-1,171,468,452,-1,171,452,163,-1,477,478,238,-1,238,478,9,-1,238,9,482,-1,482,9,69,-1,483,484,454,-1,485,486,487,-1,487,483,485,-1,485,483,454,-1,485,454,488,-1,488,454,489,-1,488,489,490,-1,490,489,491,-1,492,493,494,-1,494,493,495,-1,494,495,484,-1,484,495,496,-1,484,496,497,-1,497,498,484,-1,484,498,499,-1,484,499,500,-1,167,164,165,-1,165,164,163,-1,165,163,491,-1,491,163,452,-1,491,452,490,-1,490,452,494,-1,501,452,502,-1,502,452,454,-1,502,454,503,-1,503,454,484,-1,503,484,504,-1,504,484,500,-1,505,506,494,-1,494,506,507,-1,494,507,492,-1,501,508,452,-1,452,508,509,-1,452,509,494,-1,494,509,510,-1,494,510,505,-1,249,236,246,-1,246,236,238,-1,246,238,251,-1,251,238,482,-1,251,482,296,-1,296,482,511,-1,75,511,512,-1,512,511,513,-1,513,511,514,-1,514,511,482,-1,514,482,515,-1,75,512,69,-1,69,512,516,-1,69,516,482,-1,482,516,517,-1,482,517,515,-1,518,519,520,-1,520,519,514,-1,520,514,521,-1,521,514,515,-1,521,515,522,-1,522,515,523,-1,442,441,465,-1,465,441,524,-1,465,524,456,-1,456,524,525,-1,456,525,454,-1,454,525,526,-1,454,526,489,-1,61,63,75,-1,75,63,527,-1,75,527,511,-1,511,527,344,-1,511,344,296,-1,296,344,346,-1,296,346,294,-1,51,53,63,-1,63,53,528,-1,63,528,527,-1,527,528,529,-1,527,529,344,-1,344,529,530,-1,344,530,343,-1,343,530,531,-1,343,531,354,-1,354,531,532,-1,354,532,434,-1,434,532,533,-1,434,533,441,-1,441,533,534,-1,441,534,524,-1,524,534,535,-1,524,535,525,-1,525,535,536,-1,525,536,526,-1,
        ]
    }
}
Shape{
    appearance Appearance {
        material  Material 	{
            diffuseColor 1.0 1.0 0.5019607843137255
            specularColor 0.5019607843137255 0.5019607843137255 0.25098039215686274
            ambientIntensity 0.9432
            transparency 0.0
            shininess 0.5
        }
    }
    geometry IndexedFaceSet {
        ccw TRUE
        solid FALSE
        coord DEF co Coordinate {
            point [
                4.7244 -1.3012 0.3976, 4.7244 -1.3012 0.4016, 4.5276 -1.3012 0.3976, 4.5276 -1.3012 0.4016, 4.7244 -0.7106 0.4016, 4.7244 -0.7106 0.3976, 4.5276 -0.7106 0.4016, 4.5276 -0.7106 0.3976, 4.7244 -1.1634 0.4016, 4.6837 -1.158 0.4016, 4.6131 -1.1173 0.4016, 4.588 -1.0846 0.4016, 4.588 -0.9272 0.4016, 4.6131 -0.8946 0.4016, 4.6457 -0.8695 0.4016, 4.6837 -0.8538 0.4016, 4.7244 -0.8484 0.4016, 4.5723 -1.0467 0.4016, 4.5669 -1.0059 0.4016, 4.5723 -0.9651 0.4016, 4.6457 -1.1423 0.4016, 4.7244 -0.3012 0.3976, 4.7244 -0.3012 0.4016, 4.5276 -0.3012 0.3976, 4.5276 -0.3012 0.4016, 4.7244 0.2894 0.4016, 4.7244 0.2894 0.3976, 4.5276 0.2894 0.4016, 4.5276 0.2894 0.3976, 4.7244 -0.1634 0.4016, 4.6837 -0.158 0.4016, 4.6131 -0.1173 0.4016, 4.588 -0.0846 0.4016, 4.588 0.0728 0.4016, 4.6131 0.1054 0.4016, 4.6457 0.1305 0.4016, 4.6837 0.1462 0.4016, 4.7244 0.1516 0.4016, 4.5723 -0.0467 0.4016, 4.5669 -0.0059 0.4016, 4.5723 0.0349 0.4016, 4.6457 -0.1423 0.4016, 4.7244 0.6988 0.3976, 4.7244 0.6988 0.4016, 4.5276 0.6988 0.3976, 4.5276 0.6988 0.4016, 4.7244 1.2894 0.4016, 4.7244 1.2894 0.3976, 4.5276 1.2894 0.4016, 4.5276 1.2894 0.3976, 4.7244 0.8366 0.4016, 4.6837 0.842 0.4016, 4.588 1.0728 0.4016, 4.6131 1.1054 0.4016, 4.6457 1.1305 0.4016, 4.6837 1.1462 0.4016, 4.7244 1.1516 0.4016, 4.6131 0.8827 0.4016, 4.588 0.9154 0.4016, 4.5723 0.9533 0.4016, 4.5669 0.9941 0.4016, 4.5723 1.0349 0.4016, 4.6457 0.8577 0.4016, 4.7244 1.6988 0.3976, 4.7244 1.6988 0.4016, 4.5276 1.6988 0.3976, 4.5276 1.6988 0.4016, 4.7244 2.2894 0.4016, 4.7244 2.2894 0.3976, 4.5276 2.2894 0.4016, 4.5276 2.2894 0.3976, 4.7244 1.8366 0.4016, 4.6837 1.842 0.4016, 4.6457 1.8577 0.4016, 4.6131 1.8827 0.4016, 4.588 1.9154 0.4016, 4.588 2.0728 0.4016, 4.6131 2.1054 0.4016, 4.6457 2.1305 0.4016, 4.6837 2.1462 0.4016, 4.7244 2.1516 0.4016, 4.5723 1.9533 0.4016, 4.5669 1.9941 0.4016, 4.5723 2.0349 0.4016, 4.7244 2.6988 0.3976, 4.7244 2.6988 0.4016, 4.5276 2.6988 0.3976, 4.5276 2.6988 0.4016, 4.7244 3.2894 0.4016, 4.7244 3.2894 0.3976, 4.5276 3.2894 0.4016, 4.5276 3.2894 0.3976, 4.7244 2.8366 0.4016, 4.6837 2.842 0.4016, 4.588 3.0728 0.4016, 4.6131 3.1054 0.4016, 4.6457 3.1305 0.4016, 4.6837 3.1462 0.4016, 4.7244 3.1516 0.4016, 4.6457 2.8577 0.4016, 4.6131 2.8827 0.4016, 4.588 2.9154 0.4016, 4.5723 2.9533 0.4016, 4.5669 2.9941 0.4016, 4.5723 3.0349 0.4016, 4.7244 3.6988 0.3976, 4.7244 3.6988 0.4016, 4.5276 3.6988 0.3976, 4.5276 3.6988 0.4016, 4.7244 4.2894 0.4016, 4.7244 4.2894 0.3976, 4.5276 4.2894 0.4016, 4.5276 4.2894 0.3976, 4.7244 3.8366 0.4016, 4.6837 3.842 0.4016, 4.6131 3.8827 0.4016, 4.588 3.9154 0.4016, 4.6457 3.8577 0.4016, 4.5723 3.9533 0.4016, 4.5669 3.9941 0.4016, 4.5723 4.0349 0.4016, 4.588 4.0728 0.4016, 4.6131 4.1054 0.4016, 4.6457 4.1305 0.4016, 4.6837 4.1462 0.4016, 4.7244 4.1516 0.4016, 4.7244 4.6988 0.3976, 4.7244 4.6988 0.4016, 4.5276 4.6988 0.3976, 4.5276 4.6988 0.4016, 4.7244 5.2894 0.4016, 4.7244 5.2894 0.3976, 4.5276 5.2894 0.4016, 4.5276 5.2894 0.3976, 4.7244 4.8366 0.4016, 4.6837 4.842 0.4016, 4.6131 4.8827 0.4016, 4.588 4.9154 0.4016, 4.6457 4.8577 0.4016, 4.5723 4.9533 0.4016, 4.5669 4.9941 0.4016, 4.5723 5.0349 0.4016, 4.588 5.0728 0.4016, 4.6131 5.1054 0.4016, 4.6457 5.1305 0.4016, 4.6837 5.1462 0.4016, 4.7244 5.1516 0.4016, 4.7244 5.6988 0.3976, 4.7244 5.6988 0.4016, 4.5276 5.6988 0.3976, 4.5276 5.6988 0.4016, 4.7244 6.2894 0.4016, 4.7244 6.2894 0.3976, 4.5276 6.2894 0.4016, 4.5276 6.2894 0.3976, 4.588 5.9154 0.4016, 4.6131 5.8827 0.4016, 4.6457 5.8577 0.4016, 4.6837 5.842 0.4016, 4.7244 5.8366 0.4016, 4.588 6.0728 0.4016, 4.6131 6.1054 0.4016, 4.6457 6.1305 0.4016, 4.6837 6.1462 0.4016, 4.7244 6.1516 0.4016, 4.5723 5.9533 0.4016, 4.5669 5.9941 0.4016, 4.5723 6.0349 0.4016
            ]
        }
        coordIndex [
            0,1,2,-1,2,1,3,-1,4,5,6,-1,6,5,7,-1,1,8,9,-1,10,11,3,-1,12,13,6,-1,6,13,14,-1,6,14,4,-1,4,14,15,-1,4,15,16,-1,11,17,3,-1,3,17,18,-1,3,18,6,-1,6,18,19,-1,6,19,12,-1,1,9,3,-1,3,9,20,-1,3,20,10,-1,21,22,23,-1,23,22,24,-1,25,26,27,-1,27,26,28,-1,22,29,30,-1,31,32,24,-1,33,34,27,-1,27,34,35,-1,27,35,25,-1,25,35,36,-1,25,36,37,-1,32,38,24,-1,24,38,39,-1,24,39,27,-1,27,39,40,-1,27,40,33,-1,22,30,24,-1,24,30,41,-1,24,41,31,-1,42,43,44,-1,44,43,45,-1,46,47,48,-1,48,47,49,-1,43,50,51,-1,52,53,48,-1,48,53,54,-1,48,54,46,-1,46,54,55,-1,46,55,56,-1,45,57,58,-1,58,59,45,-1,45,59,60,-1,45,60,48,-1,48,60,61,-1,48,61,52,-1,43,51,45,-1,45,51,62,-1,45,62,57,-1,63,64,65,-1,65,64,66,-1,67,68,69,-1,69,68,70,-1,64,71,72,-1,64,72,66,-1,72,73,66,-1,66,73,74,-1,66,74,75,-1,76,77,69,-1,69,77,78,-1,69,78,67,-1,67,78,79,-1,67,79,80,-1,75,81,66,-1,66,81,82,-1,66,82,69,-1,69,82,83,-1,69,83,76,-1,84,85,86,-1,86,85,87,-1,88,89,90,-1,90,89,91,-1,85,92,93,-1,85,93,87,-1,94,95,90,-1,90,95,96,-1,90,96,88,-1,88,96,97,-1,88,97,98,-1,93,99,87,-1,87,99,100,-1,87,100,101,-1,101,102,87,-1,87,102,103,-1,87,103,90,-1,90,103,104,-1,90,104,94,-1,105,106,107,-1,107,106,108,-1,109,110,111,-1,111,110,112,-1,106,113,114,-1,115,116,108,-1,106,114,108,-1,108,114,117,-1,108,117,115,-1,116,118,108,-1,108,118,119,-1,108,119,111,-1,111,119,120,-1,111,120,121,-1,121,122,111,-1,111,122,123,-1,111,123,109,-1,109,123,124,-1,109,124,125,-1,126,127,128,-1,128,127,129,-1,130,131,132,-1,132,131,133,-1,127,134,135,-1,136,137,129,-1,127,135,129,-1,129,135,138,-1,129,138,136,-1,137,139,129,-1,129,139,140,-1,129,140,132,-1,132,140,141,-1,132,141,142,-1,142,143,132,-1,132,143,144,-1,132,144,130,-1,130,144,145,-1,130,145,146,-1,147,148,149,-1,149,148,150,-1,151,152,153,-1,153,152,154,-1,155,150,156,-1,156,150,157,-1,157,150,158,-1,158,150,148,-1,158,148,159,-1,160,161,153,-1,153,161,162,-1,153,162,151,-1,151,162,163,-1,151,163,164,-1,155,165,150,-1,150,165,166,-1,150,166,153,-1,153,166,167,-1,153,167,160,-1,
        ]
    }
}
Shape{
    appearance Appearance {
        material  Material 	{
            diffuseColor 0.25098039215686274 0.25098039215686274 0.25098039215686274
            specularColor 0.12549019607843137 0.12549019607843137 0.12549019607843137
            ambientIntensity 0.251
            transparency 0.0
            shininess 0.5
        }
    }
    geometry IndexedFaceSet {
        ccw TRUE
        solid FALSE
        coord DEF co Coordinate {
            point [
                4.7244 -3.7028 0.3976, 4.7244 -3.7028 0.4016, 4.7244 -3.8406 0.4016, 4.7244 -1.1634 0.4016, 4.7244 -1.3012 0.4016, 4.7244 -1.1634 0.0, 4.7244 -1.3012 0.3976, 4.7244 -3.8406 0.0, 4.7244 -3.7028 0.0, 4.7244 -3.7028 0.0039, 4.7244 -1.3012 0.0, 4.7244 -1.3012 0.0039, 4.7244 -0.3012 0.0039, 4.7244 -0.3012 0.0, 4.7244 -0.1634 0.0, 4.7244 -0.8484 0.0, 4.7244 -0.7106 0.0, 4.7244 -0.8484 0.4016, 4.7244 -0.7106 0.0039, 4.7244 -0.1634 0.4016, 4.7244 -0.3012 0.4016, 4.7244 -0.3012 0.3976, 4.7244 -0.7106 0.4016, 4.7244 -0.7106 0.3976, 4.7244 0.6988 0.0039, 4.7244 0.6988 0.0, 4.7244 0.8366 0.0, 4.7244 0.1516 0.0, 4.7244 0.2894 0.0, 4.7244 0.1516 0.4016, 4.7244 0.2894 0.0039, 4.7244 0.8366 0.4016, 4.7244 0.6988 0.4016, 4.7244 0.6988 0.3976, 4.7244 0.2894 0.4016, 4.7244 0.2894 0.3976, 4.7244 1.6988 0.0039, 4.7244 1.6988 0.0, 4.7244 1.8366 0.0, 4.7244 1.1516 0.0, 4.7244 1.2894 0.0, 4.7244 1.1516 0.4016, 4.7244 1.2894 0.0039, 4.7244 1.8366 0.4016, 4.7244 1.6988 0.4016, 4.7244 1.6988 0.3976, 4.7244 1.2894 0.4016, 4.7244 1.2894 0.3976, 4.7244 2.6988 0.0039, 4.7244 2.6988 0.0, 4.7244 2.8366 0.0, 4.7244 2.1516 0.0, 4.7244 2.2894 0.0, 4.7244 2.1516 0.4016, 4.7244 2.2894 0.0039, 4.7244 2.8366 0.4016, 4.7244 2.6988 0.4016, 4.7244 2.6988 0.3976, 4.7244 2.2894 0.4016, 4.7244 2.2894 0.3976, 4.7244 3.6988 0.0039, 4.7244 3.6988 0.0, 4.7244 3.8366 0.0, 4.7244 3.1516 0.0, 4.7244 3.2894 0.0, 4.7244 3.1516 0.4016, 4.7244 3.2894 0.0039, 4.7244 3.8366 0.4016, 4.7244 3.6988 0.4016, 4.7244 3.6988 0.3976, 4.7244 3.2894 0.4016, 4.7244 3.2894 0.3976, 4.7244 4.6988 0.0039, 4.7244 4.6988 0.0, 4.7244 4.8366 0.0, 4.7244 4.1516 0.0, 4.7244 4.2894 0.0, 4.7244 4.1516 0.4016, 4.7244 4.2894 0.0039, 4.7244 4.8366 0.4016, 4.7244 4.6988 0.4016, 4.7244 4.6988 0.3976, 4.7244 4.2894 0.4016, 4.7244 4.2894 0.3976, 4.7244 5.6988 0.0039, 4.7244 5.6988 0.0, 4.7244 5.8366 0.0, 4.7244 5.1516 0.0, 4.7244 5.2894 0.0, 4.7244 5.1516 0.4016, 4.7244 5.2894 0.0039, 4.7244 5.8366 0.4016, 4.7244 5.6988 0.4016, 4.7244 5.6988 0.3976, 4.7244 5.2894 0.4016, 4.7244 5.2894 0.3976, 4.7244 6.1516 0.0, 4.7244 6.2894 0.0, 4.7244 6.1516 0.4016, 4.7244 6.2894 0.0039, 4.7244 6.2894 0.4016, 4.7244 6.2894 0.3976, 4.7244 7.0098 0.3976, 4.7244 7.0098 0.0039, -4.5276 -1.3012 0.3976, -4.7244 -1.3012 0.3976, -4.7244 -3.7028 0.3976, -4.5276 -5.2933 0.3976, -3.6484 -7.3602 0.3976, -3.6484 -6.5728 0.3976, -4.7244 -5.2933 0.3976, -4.7244 -5.7028 0.3976, -4.5276 -5.7028 0.3976, -4.5276 -6.2933 0.3976, -4.7244 -6.2933 0.3976, -4.1339 6.4193 0.3976, -4.5276 -3.7028 0.3976, -4.1339 -5.5886 0.3976, -4.5276 -4.2933 0.3976, -4.1272 -5.6395 0.3976, -3.988 -5.7787 0.3976, -4.0354 -5.7591 0.3976, 4.7244 -6.2933 0.3976, 4.5276 -6.2933 0.3976, 4.1339 -7.5571 0.3976, 4.5276 -5.7028 0.3976, 4.5276 -3.7028 0.3976, 4.5276 0.2894 0.3976, 4.1144 -7.6425 0.3976, 4.0909 -7.6798 0.3976, 4.7244 -8.1476 0.3976, -4.7244 -8.1476 0.3976, -2.0669 -7.7276 0.3976, -2.861 -7.3602 0.3976, -2.1077 -7.6963 0.3976, -2.139 -7.6555 0.3976, 4.7244 -5.7028 0.3976, 4.7244 -5.2933 0.3976, 4.5276 -5.2933 0.3976, 4.5276 -4.7028 0.3976, 4.1339 6.4193 0.3976, 4.5276 -0.7106 0.3976, 4.5276 -1.3012 0.3976, 4.5276 0.6988 0.3976, 4.5276 1.2894 0.3976, -4.5276 0.2894 0.3976, -4.5276 -0.3012 0.3976, -4.7244 -0.3012 0.3976, -4.7244 -0.7106 0.3976, -4.5276 -0.7106 0.3976, 4.0597 -7.711 0.3976, 4.0224 -7.7344 0.3976, 3.9808 -7.749 0.3976, 4.7244 -4.7028 0.3976, 4.7244 -4.2933 0.3976, 4.5276 -4.2933 0.3976, 4.5276 -0.3012 0.3976, -2.1586 -7.608 0.3976, -2.1654 -7.5571 0.3976, -2.861 -6.5728 0.3976, -2.1654 -5.7854 0.3976, -3.937 -5.7854 0.3976, -4.0762 -5.7278 0.3976, -4.1075 -5.687 0.3976, -4.5276 -4.7028 0.3976, -4.7244 -4.7028 0.3976, -4.7244 -4.2933 0.3976, 4.1289 -7.6009 0.3976, 3.937 -7.7539 0.3976, -1.9685 -7.7539 0.3976, -2.0195 -7.7472 0.3976, 4.5276 2.2894 0.3976, 4.5276 1.6988 0.3976, 4.5276 2.6988 0.3976, 4.5276 3.2894 0.3976, 4.5276 3.6988 0.3976, 4.5276 4.2894 0.3976, 4.1289 6.4631 0.3976, 4.5276 4.6988 0.3976, 4.5276 5.2894 0.3976, 4.5276 5.6988 0.3976, 4.0597 6.5732 0.3976, 4.0909 6.542 0.3976, 4.5276 6.2894 0.3976, 4.1144 6.5047 0.3976, -4.7244 7.0098 0.3976, -4.7244 6.2894 0.3976, -4.5276 6.2894 0.3976, 3.9808 6.6112 0.3976, 4.0224 6.5966 0.3976, -3.937 6.6161 0.3976, 3.937 6.6161 0.3976, -4.5276 0.6988 0.3976, -4.7244 0.6988 0.3976, -4.7244 0.2894 0.3976, -4.1075 6.5177 0.3976, -4.0762 6.5585 0.3976, -4.0354 6.5898 0.3976, -3.988 6.6094 0.3976, -4.5276 5.6988 0.3976, -4.1272 6.4702 0.3976, -4.7244 5.6988 0.3976, -4.7244 5.2894 0.3976, -4.5276 5.2894 0.3976, -4.5276 4.6988 0.3976, -4.7244 4.6988 0.3976, -4.7244 4.2894 0.3976, -4.5276 4.2894 0.3976, -4.5276 3.6988 0.3976, -4.7244 3.6988 0.3976, -4.7244 3.2894 0.3976, -4.5276 3.2894 0.3976, -4.5276 2.6988 0.3976, -4.7244 2.6988 0.3976, -4.7244 2.2894 0.3976, -4.5276 2.2894 0.3976, -4.5276 1.6988 0.3976, -4.7244 1.6988 0.3976, -4.7244 1.2894 0.3976, -4.5276 1.2894 0.3976, 4.2323 -3.7028 0.0039, 4.2323 -4.2933 0.0039, -4.7244 -8.1476 0.0039, 4.2323 -5.2933 0.0039, 4.7244 -5.2933 0.0039, 4.7244 -5.7028 0.0039, 4.7244 -6.2933 0.0039, 4.7244 -8.1476 0.0039, 4.2323 -6.2933 0.0039, 4.2323 -5.7028 0.0039, -4.7244 -3.7028 0.0039, -4.7244 -1.3012 0.0039, -4.2323 -3.7028 0.0039, -4.2323 -1.3012 0.0039, 4.2323 -1.3012 0.0039, 4.2323 6.2894 0.0039, 4.2323 -4.7028 0.0039, 4.7244 -4.7028 0.0039, 4.7244 -4.2933 0.0039, -4.7244 -0.7106 0.0039, -4.7244 -0.3012 0.0039, -4.2323 -0.7106 0.0039, -4.2323 -0.3012 0.0039, -4.2323 0.2894 0.0039, 4.2323 5.6988 0.0039, 4.2323 5.2894 0.0039, -4.2323 1.2894 0.0039, -4.2323 0.6988 0.0039, -4.7244 0.6988 0.0039, -4.7244 0.2894 0.0039, -4.2323 -4.2933 0.0039, 4.2323 4.6988 0.0039, 4.2323 4.2894 0.0039, -4.2323 2.2894 0.0039, -4.7244 2.2894 0.0039, -4.7244 2.6988 0.0039, 4.2323 3.6988 0.0039, 4.2323 3.2894 0.0039, -4.2323 2.6988 0.0039, -4.2323 3.2894 0.0039, -4.7244 -4.7028 0.0039, -4.7244 -4.2933 0.0039, -4.2323 -4.7028 0.0039, -4.2323 1.6988 0.0039, -4.7244 1.6988 0.0039, -4.7244 1.2894 0.0039, 4.2323 2.6988 0.0039, 4.2323 2.2894 0.0039, -4.7244 -5.7028 0.0039, -4.7244 -5.2933 0.0039, -4.2323 -5.7028 0.0039, -4.2323 -5.2933 0.0039, -4.2323 4.2894 0.0039, -4.7244 4.2894 0.0039, -4.7244 4.6988 0.0039, -4.2323 -6.2933 0.0039, 4.2323 1.6988 0.0039, 4.2323 0.6988 0.0039, -4.2323 4.6988 0.0039, -4.2323 5.2894 0.0039, -4.2323 3.6988 0.0039, -4.7244 3.6988 0.0039, -4.7244 3.2894 0.0039, 4.2323 -0.3012 0.0039, 4.2323 -0.7106 0.0039, -4.7244 -6.2933 0.0039, -4.7244 6.2894 0.0039, -4.7244 7.0098 0.0039, -4.2323 6.2894 0.0039, -4.2323 5.6988 0.0039, -4.7244 5.6988 0.0039, -4.7244 5.2894 0.0039, 4.2323 0.2894 0.0039, 4.2323 1.2894 0.0039
            ]
        }
        coordIndex [
            0,1,2,-1,3,4,5,-1,5,4,6,-1,7,8,9,-1,10,5,11,-1,11,5,6,-1,11,6,9,-1,9,6,0,-1,9,0,7,-1,7,0,2,-1,12,13,14,-1,15,16,17,-1,17,16,18,-1,19,20,21,-1,22,17,23,-1,23,17,18,-1,23,18,21,-1,21,18,12,-1,21,12,19,-1,19,12,14,-1,24,25,26,-1,27,28,29,-1,29,28,30,-1,31,32,33,-1,34,29,35,-1,35,29,30,-1,35,30,33,-1,33,30,24,-1,33,24,31,-1,31,24,26,-1,36,37,38,-1,39,40,41,-1,41,40,42,-1,43,44,45,-1,46,41,47,-1,47,41,42,-1,47,42,45,-1,45,42,36,-1,45,36,43,-1,43,36,38,-1,48,49,50,-1,51,52,53,-1,53,52,54,-1,55,56,57,-1,58,53,59,-1,59,53,54,-1,59,54,57,-1,57,54,48,-1,57,48,55,-1,55,48,50,-1,60,61,62,-1,63,64,65,-1,65,64,66,-1,67,68,69,-1,70,65,71,-1,71,65,66,-1,71,66,69,-1,69,66,60,-1,69,60,67,-1,67,60,62,-1,72,73,74,-1,75,76,77,-1,77,76,78,-1,79,80,81,-1,82,77,83,-1,83,77,78,-1,83,78,81,-1,81,78,72,-1,81,72,79,-1,79,72,74,-1,84,85,86,-1,87,88,89,-1,89,88,90,-1,91,92,93,-1,94,89,95,-1,95,89,90,-1,95,90,93,-1,93,90,84,-1,93,84,91,-1,91,84,86,-1,96,97,98,-1,98,97,99,-1,100,98,101,-1,101,98,99,-1,101,99,102,-1,102,99,103,-1,104,105,106,-1,107,108,109,-1,110,111,107,-1,107,111,112,-1,107,112,108,-1,108,112,113,-1,108,113,114,-1,115,116,117,-1,117,116,118,-1,117,118,119,-1,120,121,109,-1,122,123,124,-1,124,123,125,-1,126,0,6,-1,127,35,33,-1,128,129,130,-1,114,131,108,-1,108,131,132,-1,108,132,133,-1,133,132,134,-1,133,134,135,-1,136,137,125,-1,125,137,138,-1,125,138,124,-1,124,138,139,-1,140,124,141,-1,141,124,142,-1,143,144,140,-1,115,145,146,-1,147,148,146,-1,146,148,149,-1,146,149,115,-1,115,149,104,-1,115,104,116,-1,116,104,106,-1,129,150,130,-1,130,150,151,-1,130,151,152,-1,153,154,139,-1,139,154,155,-1,139,155,124,-1,124,155,126,-1,124,126,142,-1,142,126,6,-1,33,143,127,-1,127,143,140,-1,127,140,156,-1,156,140,141,-1,156,141,21,-1,21,141,23,-1,135,157,133,-1,133,157,158,-1,133,158,159,-1,159,158,160,-1,159,160,109,-1,109,160,161,-1,109,161,120,-1,121,162,109,-1,109,162,163,-1,109,163,107,-1,107,163,119,-1,107,119,164,-1,164,119,118,-1,164,118,165,-1,165,118,166,-1,122,124,130,-1,130,124,167,-1,130,167,128,-1,152,168,130,-1,130,168,169,-1,130,169,131,-1,131,169,170,-1,131,170,132,-1,171,59,57,-1,47,45,144,-1,144,45,172,-1,144,172,140,-1,140,172,171,-1,140,171,173,-1,173,171,57,-1,71,69,174,-1,174,69,175,-1,176,83,81,-1,173,174,140,-1,140,174,175,-1,140,175,177,-1,177,175,176,-1,177,176,178,-1,178,176,81,-1,95,93,179,-1,179,93,180,-1,181,182,183,-1,183,182,184,-1,183,184,180,-1,180,184,177,-1,180,177,179,-1,179,177,178,-1,185,186,187,-1,102,188,189,-1,181,183,189,-1,189,183,101,-1,189,101,102,-1,185,190,102,-1,102,190,191,-1,102,191,188,-1,192,193,194,-1,195,196,187,-1,187,196,197,-1,187,197,185,-1,185,197,198,-1,185,198,190,-1,199,115,187,-1,187,115,200,-1,187,200,195,-1,201,202,199,-1,199,202,203,-1,199,203,115,-1,115,203,204,-1,205,206,204,-1,204,206,207,-1,204,207,115,-1,115,207,208,-1,209,210,208,-1,208,210,211,-1,208,211,115,-1,115,211,212,-1,213,214,212,-1,212,214,215,-1,212,215,115,-1,115,215,216,-1,217,218,216,-1,216,218,219,-1,216,219,115,-1,115,219,192,-1,115,192,145,-1,145,192,194,-1,220,221,222,-1,223,224,225,-1,226,227,228,-1,228,227,222,-1,228,222,229,-1,230,231,232,-1,232,231,233,-1,234,11,9,-1,103,99,235,-1,225,229,223,-1,223,229,222,-1,223,222,236,-1,236,222,221,-1,236,221,237,-1,237,221,238,-1,239,240,241,-1,241,240,242,-1,242,243,103,-1,84,90,244,-1,244,90,245,-1,246,103,247,-1,247,103,243,-1,247,243,248,-1,248,243,249,-1,242,103,241,-1,241,103,235,-1,241,235,233,-1,233,235,244,-1,233,244,232,-1,232,244,245,-1,232,245,250,-1,72,78,251,-1,251,78,252,-1,253,254,255,-1,60,66,256,-1,256,66,257,-1,258,259,103,-1,260,261,262,-1,262,261,250,-1,255,258,253,-1,253,258,103,-1,253,103,263,-1,263,103,246,-1,263,246,264,-1,264,246,265,-1,48,54,266,-1,266,54,267,-1,268,269,270,-1,270,269,271,-1,272,273,274,-1,245,251,250,-1,250,251,252,-1,250,252,262,-1,262,252,256,-1,262,256,271,-1,271,256,257,-1,271,257,270,-1,270,257,266,-1,270,266,275,-1,275,266,267,-1,275,267,276,-1,277,24,30,-1,278,279,103,-1,274,278,272,-1,272,278,103,-1,272,103,280,-1,280,103,259,-1,280,259,281,-1,281,259,282,-1,12,18,283,-1,283,18,284,-1,222,285,275,-1,286,287,288,-1,288,287,103,-1,288,103,289,-1,289,103,279,-1,289,279,290,-1,290,279,291,-1,30,292,277,-1,277,292,275,-1,277,275,293,-1,293,275,276,-1,293,276,42,-1,42,276,36,-1,9,220,234,-1,234,220,222,-1,234,222,284,-1,284,222,275,-1,284,275,283,-1,283,275,292,-1,
        ]
    }
}
Shape{
    appearance Appearance {
        material  Material 	{
            diffuseColor 1.0 1.0 0.5019607843137255
            specularColor 0.5019607843137255 0.5019607843137255 0.25098039215686274
            ambientIntensity 0.9432
            transparency 0.0
            shininess 0.5
        }
    }
    geometry IndexedFaceSet {
        ccw TRUE
        solid FALSE
        coord DEF co Coordinate {
            point [
                4.7244 -6.2933 0.3976, 4.7244 -6.2933 0.4016, 4.5276 -6.2933 0.3976, 4.5276 -6.2933 0.4016, 4.7244 -5.7028 0.4016, 4.7244 -5.7028 0.3976, 4.5276 -5.7028 0.4016, 4.5276 -5.7028 0.3976, 4.7244 -6.1555 0.4016, 4.6837 -6.1501 0.4016, 4.6131 -6.1094 0.4016, 4.588 -6.0768 0.4016, 4.6457 -6.1344 0.4016, 4.5723 -6.0388 0.4016, 4.5669 -5.998 0.4016, 4.5723 -5.9573 0.4016, 4.588 -5.9193 0.4016, 4.6131 -5.8867 0.4016, 4.6457 -5.8617 0.4016, 4.6837 -5.8459 0.4016, 4.7244 -5.8406 0.4016, 4.7244 -5.2933 0.3976, 4.7244 -5.2933 0.4016, 4.5276 -5.2933 0.3976, 4.5276 -5.2933 0.4016, 4.7244 -4.7028 0.4016, 4.7244 -4.7028 0.3976, 4.5276 -4.7028 0.4016, 4.5276 -4.7028 0.3976, 4.7244 -5.1555 0.4016, 4.6837 -5.1501 0.4016, 4.6131 -5.1094 0.4016, 4.588 -5.0768 0.4016, 4.6457 -5.1344 0.4016, 4.5723 -5.0388 0.4016, 4.5669 -4.998 0.4016, 4.5723 -4.9573 0.4016, 4.588 -4.9193 0.4016, 4.6131 -4.8867 0.4016, 4.6457 -4.8617 0.4016, 4.6837 -4.8459 0.4016, 4.7244 -4.8406 0.4016, 4.7244 -4.2933 0.3976, 4.7244 -4.2933 0.4016, 4.5276 -4.2933 0.3976, 4.5276 -4.2933 0.4016, 4.7244 -3.7028 0.4016, 4.7244 -3.7028 0.3976, 4.5276 -3.7028 0.4016, 4.5276 -3.7028 0.3976, 4.7244 -4.1555 0.4016, 4.6837 -4.1501 0.4016, 4.6457 -4.1344 0.4016, 4.6131 -4.1094 0.4016, 4.588 -4.0768 0.4016, 4.5723 -4.0388 0.4016, 4.5669 -3.998 0.4016, 4.5723 -3.9573 0.4016, 4.588 -3.9193 0.4016, 4.6131 -3.8867 0.4016, 4.6457 -3.8617 0.4016, 4.6837 -3.8459 0.4016, 4.7244 -3.8406 0.4016
            ]
        }
        coordIndex [
            0,1,2,-1,2,1,3,-1,4,5,6,-1,6,5,7,-1,1,8,9,-1,3,10,11,-1,1,9,3,-1,3,9,12,-1,3,12,10,-1,11,13,3,-1,3,13,14,-1,3,14,6,-1,6,14,15,-1,6,15,16,-1,16,17,6,-1,6,17,18,-1,6,18,4,-1,4,18,19,-1,4,19,20,-1,21,22,23,-1,23,22,24,-1,25,26,27,-1,27,26,28,-1,22,29,30,-1,24,31,32,-1,22,30,24,-1,24,30,33,-1,24,33,31,-1,32,34,24,-1,24,34,35,-1,24,35,27,-1,27,35,36,-1,27,36,37,-1,37,38,27,-1,27,38,39,-1,27,39,25,-1,25,39,40,-1,25,40,41,-1,42,43,44,-1,44,43,45,-1,46,47,48,-1,48,47,49,-1,43,50,51,-1,43,51,45,-1,51,52,45,-1,45,52,53,-1,45,53,54,-1,54,55,45,-1,45,55,56,-1,45,56,48,-1,48,56,57,-1,48,57,58,-1,58,59,48,-1,48,59,60,-1,48,60,46,-1,46,60,61,-1,46,61,62,-1,
        ]
    }
}
Shape{
    appearance Appearance {
        material  Material 	{
            diffuseColor 0.25098039215686274 0.25098039215686274 0.25098039215686274
            specularColor 0.12549019607843137 0.12549019607843137 0.12549019607843137
            ambientIntensity 0.251
            transparency 0.0
            shininess 0.5
        }
    }
    geometry IndexedFaceSet {
        ccw TRUE
        solid FALSE
        coord DEF co Coordinate {
            point [
                4.7244 -6.1555 0.4016, 4.7244 -6.2933 0.4016, 4.7244 -6.1555 0.0, 4.7244 -6.2933 0.3976, 4.7244 -6.2933 0.0, 4.7244 -6.2933 0.0039, 4.7244 -8.1476 0.0039, 4.7244 -8.1476 0.3976, 4.7244 -5.2933 0.0039, 4.7244 -5.2933 0.0, 4.7244 -5.1555 0.0, 4.7244 -5.8406 0.0, 4.7244 -5.7028 0.0, 4.7244 -5.8406 0.4016, 4.7244 -5.7028 0.0039, 4.7244 -5.1555 0.4016, 4.7244 -5.2933 0.4016, 4.7244 -5.2933 0.3976, 4.7244 -5.7028 0.4016, 4.7244 -5.7028 0.3976, 4.7244 -4.2933 0.0039, 4.7244 -4.2933 0.0, 4.7244 -4.1555 0.0, 4.7244 -4.8406 0.0, 4.7244 -4.7028 0.0, 4.7244 -4.8406 0.4016, 4.7244 -4.7028 0.0039, 4.7244 -4.1555 0.4016, 4.7244 -4.2933 0.4016, 4.7244 -4.2933 0.3976, 4.7244 -4.7028 0.4016, 4.7244 -4.7028 0.3976, -4.7244 0.6988 0.3976, -4.7244 0.6988 0.4016, -4.7244 0.8366 0.4016, -4.7244 0.1516 0.4016, -4.7244 0.2894 0.4016, -4.7244 0.1516 0.0, -4.7244 0.2894 0.3976, -4.7244 0.8366 0.0, -4.7244 0.6988 0.0, -4.7244 0.6988 0.0039, -4.7244 0.2894 0.0, -4.7244 0.2894 0.0039, -4.7244 1.6988 0.3976, -4.7244 1.6988 0.4016, -4.7244 1.8366 0.4016, -4.7244 1.1516 0.4016, -4.7244 1.2894 0.4016, -4.7244 1.1516 0.0, -4.7244 1.2894 0.3976, -4.7244 1.8366 0.0, -4.7244 1.6988 0.0, -4.7244 1.6988 0.0039, -4.7244 1.2894 0.0, -4.7244 1.2894 0.0039, -4.7244 2.6988 0.3976, -4.7244 2.6988 0.4016, -4.7244 2.8366 0.4016, -4.7244 2.1516 0.4016, -4.7244 2.2894 0.4016, -4.7244 2.1516 0.0, -4.7244 2.2894 0.3976, -4.7244 2.8366 0.0, -4.7244 2.6988 0.0, -4.7244 2.6988 0.0039, -4.7244 2.2894 0.0, -4.7244 2.2894 0.0039, -4.7244 3.6988 0.3976, -4.7244 3.6988 0.4016, -4.7244 3.8366 0.4016, -4.7244 3.1516 0.4016, -4.7244 3.2894 0.4016, -4.7244 3.1516 0.0, -4.7244 3.2894 0.3976, -4.7244 3.8366 0.0, -4.7244 3.6988 0.0, -4.7244 3.6988 0.0039, -4.7244 3.2894 0.0, -4.7244 3.2894 0.0039, -4.7244 4.6988 0.3976, -4.7244 4.6988 0.4016, -4.7244 4.8366 0.4016, -4.7244 4.1516 0.4016, -4.7244 4.2894 0.4016, -4.7244 4.1516 0.0, -4.7244 4.2894 0.3976, -4.7244 4.8366 0.0, -4.7244 4.6988 0.0, -4.7244 4.6988 0.0039, -4.7244 4.2894 0.0, -4.7244 4.2894 0.0039, -4.7244 5.6988 0.3976, -4.7244 5.6988 0.4016, -4.7244 5.8366 0.4016, -4.7244 5.1516 0.4016, -4.7244 5.2894 0.4016, -4.7244 5.1516 0.0, -4.7244 5.2894 0.3976, -4.7244 5.8366 0.0, -4.7244 5.6988 0.0, -4.7244 5.6988 0.0039, -4.7244 5.2894 0.0, -4.7244 5.2894 0.0039, -4.7244 6.1516 0.4016, -4.7244 6.2894 0.4016, -4.7244 6.1516 0.0, -4.7244 6.2894 0.3976, -4.7244 6.2894 0.0, -4.7244 6.2894 0.0039, -4.7244 7.0098 0.0039, -4.7244 7.0098 0.3976, -4.7244 -0.7106 0.0039, -4.7244 -0.7106 0.0, -4.7244 -0.8484 0.0, -4.7244 -0.1634 0.0, -4.7244 -0.3012 0.0, -4.7244 -0.1634 0.4016, -4.7244 -0.3012 0.0039, -4.7244 -0.8484 0.4016, -4.7244 -0.7106 0.4016, -4.7244 -0.7106 0.3976, -4.7244 -0.3012 0.4016, -4.7244 -0.3012 0.3976, -4.7244 -4.2933 0.3976, -4.7244 -4.2933 0.4016, -4.7244 -4.1555 0.4016, -4.7244 -4.8406 0.4016, -4.7244 -4.7028 0.4016, -4.7244 -4.8406 0.0, -4.7244 -4.7028 0.3976, -4.7244 -4.1555 0.0, -4.7244 -4.2933 0.0, -4.7244 -4.2933 0.0039, -4.7244 -4.7028 0.0, -4.7244 -4.7028 0.0039, -4.7244 -3.7028 0.0039, -4.7244 -3.7028 0.0, -4.7244 -3.8406 0.0, -4.7244 -1.1634 0.0, -4.7244 -1.3012 0.0, -4.7244 -1.1634 0.4016, -4.7244 -1.3012 0.0039, -4.7244 -3.8406 0.4016, -4.7244 -3.7028 0.4016, -4.7244 -3.7028 0.3976, -4.7244 -1.3012 0.4016, -4.7244 -1.3012 0.3976, -4.7244 -5.7028 0.0039, -4.7244 -5.7028 0.0, -4.7244 -5.8406 0.0, -4.7244 -5.1555 0.0, -4.7244 -5.2933 0.0, -4.7244 -5.1555 0.4016, -4.7244 -5.2933 0.0039, -4.7244 -5.8406 0.4016, -4.7244 -5.7028 0.4016, -4.7244 -5.7028 0.3976, -4.7244 -5.2933 0.4016, -4.7244 -5.2933 0.3976, 4.7244 7.0098 0.3976, 4.7244 7.0098 0.0039, -4.7244 -6.1555 0.0, -4.7244 -6.2933 0.0, -4.7244 -6.1555 0.4016, -4.7244 -6.2933 0.0039, -4.7244 -6.2933 0.4016, -4.7244 -6.2933 0.3976, -4.7244 -8.1476 0.3976, -4.7244 -8.1476 0.0039
            ]
        }
        coordIndex [
            0,1,2,-1,2,1,3,-1,4,2,5,-1,5,2,3,-1,5,3,6,-1,6,3,7,-1,8,9,10,-1,11,12,13,-1,13,12,14,-1,15,16,17,-1,18,13,19,-1,19,13,14,-1,19,14,17,-1,17,14,8,-1,17,8,15,-1,15,8,10,-1,20,21,22,-1,23,24,25,-1,25,24,26,-1,27,28,29,-1,30,25,31,-1,31,25,26,-1,31,26,29,-1,29,26,20,-1,29,20,27,-1,27,20,22,-1,32,33,34,-1,35,36,37,-1,37,36,38,-1,39,40,41,-1,42,37,43,-1,43,37,38,-1,43,38,41,-1,41,38,32,-1,41,32,39,-1,39,32,34,-1,44,45,46,-1,47,48,49,-1,49,48,50,-1,51,52,53,-1,54,49,55,-1,55,49,50,-1,55,50,53,-1,53,50,44,-1,53,44,51,-1,51,44,46,-1,56,57,58,-1,59,60,61,-1,61,60,62,-1,63,64,65,-1,66,61,67,-1,67,61,62,-1,67,62,65,-1,65,62,56,-1,65,56,63,-1,63,56,58,-1,68,69,70,-1,71,72,73,-1,73,72,74,-1,75,76,77,-1,78,73,79,-1,79,73,74,-1,79,74,77,-1,77,74,68,-1,77,68,75,-1,75,68,70,-1,80,81,82,-1,83,84,85,-1,85,84,86,-1,87,88,89,-1,90,85,91,-1,91,85,86,-1,91,86,89,-1,89,86,80,-1,89,80,87,-1,87,80,82,-1,92,93,94,-1,95,96,97,-1,97,96,98,-1,99,100,101,-1,102,97,103,-1,103,97,98,-1,103,98,101,-1,101,98,92,-1,101,92,99,-1,99,92,94,-1,104,105,106,-1,106,105,107,-1,108,106,109,-1,109,106,107,-1,109,107,110,-1,110,107,111,-1,112,113,114,-1,115,116,117,-1,117,116,118,-1,119,120,121,-1,122,117,123,-1,123,117,118,-1,123,118,121,-1,121,118,112,-1,121,112,119,-1,119,112,114,-1,124,125,126,-1,127,128,129,-1,129,128,130,-1,131,132,133,-1,134,129,135,-1,135,129,130,-1,135,130,133,-1,133,130,124,-1,133,124,131,-1,131,124,126,-1,136,137,138,-1,139,140,141,-1,141,140,142,-1,143,144,145,-1,146,141,147,-1,147,141,142,-1,147,142,145,-1,145,142,136,-1,145,136,143,-1,143,136,138,-1,148,149,150,-1,151,152,153,-1,153,152,154,-1,155,156,157,-1,158,153,159,-1,159,153,154,-1,159,154,157,-1,157,154,148,-1,157,148,155,-1,155,148,150,-1,111,160,110,-1,110,160,161,-1,162,163,164,-1,164,163,165,-1,166,164,167,-1,167,164,165,-1,167,165,168,-1,168,165,169,-1,7,168,6,-1,6,168,169,-1,
        ]
    }
}
Shape{
    appearance Appearance {
        material  Material 	{
            diffuseColor 1.0 1.0 1.0
            specularColor 0.5019607843137255 0.5019607843137255 0.5019607843137255
            ambientIntensity 1.0
            transparency 0.0
            shininess 0.5
        }
    }
    geometry IndexedFaceSet {
        ccw TRUE
        solid FALSE
        coord DEF co Coordinate {
            point [
                4.1339 6.4193 1.3307, 4.1339 -7.5571 1.3307, 4.1339 6.4193 0.3976, 4.1339 -7.5571 0.3976, 3.937 6.6161 0.3976, -3.937 6.6161 0.3976, 3.937 6.6161 1.3307, -3.937 6.6161 1.3307, -4.1339 -5.5886 1.3307, -4.1339 6.4193 1.3307, -4.1339 -5.5886 0.3976, -4.1339 6.4193 0.3976, 3.937 -7.7539 1.3307, -1.9685 -7.7539 1.3307, 3.937 -7.7539 0.3976, -1.9685 -7.7539 0.3976, -3.937 -5.7854 1.3307, -3.937 -5.7854 0.3976, -2.1654 -5.7854 1.3307, -2.1654 -5.7854 0.3976, -2.1654 -7.5571 1.3307, -2.1654 -7.5571 0.3976, 3.988 -7.7472 0.3976, 3.988 -7.7472 1.3307, 4.0354 -7.7276 0.3976, 4.0354 -7.7276 1.3307, 4.0762 -7.6963 0.3976, 4.0762 -7.6963 1.3307, 4.1075 -7.6555 0.3976, 4.1075 -7.6555 1.3307, 4.1272 -7.608 0.3976, 4.1272 -7.608 1.3307, 4.1272 -7.5571 1.3817, 4.1207 -7.6063 1.3817, 4.0222 -7.6063 1.5012, 3.9811 -7.5826 1.5209, 3.973 -7.5931 1.5209, 3.937 -7.5571 1.5276, 3.937 -7.608 1.5209, 3.9502 -7.6063 1.5209, 3.9862 -7.5703 1.5209, 4.0321 -7.5826 1.5012, 4.0715 -7.5931 1.4699, 3.988 -7.5571 1.5209, 4.0066 -7.6267 1.5012, 3.9625 -7.6012 1.5209, 3.9862 -7.6423 1.5012, 3.9625 -7.6522 1.5012, 3.937 -7.6555 1.5012, 4.0354 -7.5571 1.5012, 4.0762 -7.5571 1.4699, 4.1075 -7.5571 1.4291, 4.0576 -7.6267 1.4699, 4.0354 -7.6555 1.4699, 4.0066 -7.6776 1.4699, 3.973 -7.6915 1.4699, 3.937 -7.6963 1.4699, 4.1017 -7.6012 1.4291, 4.0846 -7.6423 1.4291, 4.0576 -7.6776 1.4291, 4.0222 -7.7047 1.4291, 3.9811 -7.7218 1.4291, 3.937 -7.7276 1.4291, 4.1017 -7.6522 1.3817, 4.0715 -7.6915 1.3817, 4.0321 -7.7218 1.3817, 3.9862 -7.7408 1.3817, 3.937 -7.7472 1.3817, -1.9685 -7.5571 1.5276, -1.9685 -7.608 1.5209, -1.9685 -7.6555 1.5012, -1.9685 -7.6963 1.4699, -1.9685 -7.7276 1.4291, -1.9685 -7.7472 1.3817, -2.0195 -7.7472 1.3307, -2.0195 -7.7472 0.3976, -2.0669 -7.7276 1.3307, -2.0669 -7.7276 0.3976, -2.1077 -7.6963 1.3307, -2.1077 -7.6963 0.3976, -2.139 -7.6555 1.3307, -2.139 -7.6555 0.3976, -2.1586 -7.608 1.3307, -2.1586 -7.608 0.3976, 4.1272 6.4702 0.3976, 4.1272 6.4702 1.3307, 4.1075 6.5177 0.3976, 4.1075 6.5177 1.3307, 4.0762 6.5585 0.3976, 4.0762 6.5585 1.3307, 4.0354 6.5898 0.3976, 4.0354 6.5898 1.3307, 3.988 6.6094 0.3976, 3.988 6.6094 1.3307, 3.937 6.4193 1.5276, 3.988 6.4193 1.5209, 4.0354 6.4193 1.5012, 4.0762 6.4193 1.4699, 4.1075 6.4193 1.4291, 4.1272 6.4193 1.3817, -2.0177 -7.7408 1.3817, -2.0177 -7.6423 1.5012, -1.994 -7.6012 1.5209, -2.0045 -7.5931 1.5209, -2.0195 -7.5571 1.5209, -2.0177 -7.5703 1.5209, -1.9817 -7.6063 1.5209, -1.994 -7.6522 1.5012, -2.0045 -7.6915 1.4699, -2.0381 -7.6267 1.5012, -2.0126 -7.5826 1.5209, -2.0537 -7.6063 1.5012, -2.0636 -7.5826 1.5012, -2.0669 -7.5571 1.5012, -2.0381 -7.6776 1.4699, -2.0669 -7.6555 1.4699, -2.089 -7.6267 1.4699, -2.103 -7.5931 1.4699, -2.1077 -7.5571 1.4699, -2.0126 -7.7218 1.4291, -2.0537 -7.7047 1.4291, -2.089 -7.6776 1.4291, -2.1161 -7.6423 1.4291, -2.1332 -7.6012 1.4291, -2.139 -7.5571 1.4291, -2.0636 -7.7218 1.3817, -2.103 -7.6915 1.3817, -2.1332 -7.6522 1.3817, -2.1522 -7.6063 1.3817, -2.1586 -7.5571 1.3817, 3.937 6.6094 1.3817, 3.9862 6.603 1.3817, 3.9862 6.5045 1.5012, 3.9625 6.4634 1.5209, 3.973 6.4553 1.5209, 3.9862 6.4325 1.5209, 3.9502 6.4685 1.5209, 3.9625 6.5144 1.5012, 3.973 6.5537 1.4699, 3.937 6.4702 1.5209, 4.0066 6.4889 1.5012, 3.9811 6.4448 1.5209, 4.0222 6.4685 1.5012, 4.0321 6.4448 1.5012, 3.937 6.5177 1.5012, 3.937 6.5585 1.4699, 3.937 6.5898 1.4291, 4.0066 6.5398 1.4699, 4.0354 6.5177 1.4699, 4.0576 6.4889 1.4699, 4.0715 6.4553 1.4699, 3.9811 6.584 1.4291, 4.0222 6.5669 1.4291, 4.0576 6.5398 1.4291, 4.0846 6.5045 1.4291, 4.1017 6.4634 1.4291, 4.0321 6.584 1.3817, 4.0715 6.5537 1.3817, 4.1017 6.5144 1.3817, 4.1207 6.4685 1.3817, -2.1637 -5.7838 1.3564, -2.1586 -5.7787 1.3817, -2.1504 -5.7705 1.406, -2.139 -5.7591 1.4291, -2.1247 -5.7448 1.4505, -2.1077 -5.7278 1.4699, -2.0669 -5.687 1.5012, -2.0195 -5.6395 1.5209, -1.9685 -5.5886 1.5276, -3.988 6.6094 0.3976, -3.988 6.6094 1.3307, -4.0354 6.5898 0.3976, -4.0354 6.5898 1.3307, -4.0762 6.5585 0.3976, -4.0762 6.5585 1.3307, -4.1075 6.5177 0.3976, -4.1075 6.5177 1.3307, -4.1272 6.4702 0.3976, -4.1272 6.4702 1.3307, -3.937 6.4193 1.5276, -3.937 6.4702 1.5209, -3.937 6.5177 1.5012, -3.937 6.5585 1.4699, -3.937 6.5898 1.4291, -3.937 6.6094 1.3817, -3.937 -5.5886 1.5276, -3.937 -5.6395 1.5209, -3.937 -5.687 1.5012, -3.937 -5.7278 1.4699, -3.937 -5.7591 1.4291, -3.937 -5.7787 1.3817, -3.988 -5.7787 1.3307, -3.988 -5.7787 0.3976, -4.0354 -5.7591 1.3307, -4.0354 -5.7591 0.3976, -4.0762 -5.7278 1.3307, -4.0762 -5.7278 0.3976, -4.1075 -5.687 1.3307, -4.1075 -5.687 0.3976, -4.1272 -5.6395 1.3307, -4.1272 -5.6395 0.3976, -4.1272 6.4193 1.3817, -4.1207 6.4685 1.3817, -4.0222 6.4685 1.5012, -3.9811 6.4448 1.5209, -3.973 6.4553 1.5209, -3.9502 6.4685 1.5209, -3.9862 6.4325 1.5209, -4.0321 6.4448 1.5012, -4.0715 6.4553 1.4699, -3.988 6.4193 1.5209, -4.0066 6.4889 1.5012, -3.9625 6.4634 1.5209, -3.9862 6.5045 1.5012, -3.9625 6.5144 1.5012, -4.0354 6.4193 1.5012, -4.0762 6.4193 1.4699, -4.1075 6.4193 1.4291, -4.0576 6.4889 1.4699, -4.0354 6.5177 1.4699, -4.0066 6.5398 1.4699, -3.973 6.5537 1.4699, -4.1017 6.4634 1.4291, -4.0846 6.5045 1.4291, -4.0576 6.5398 1.4291, -4.0222 6.5669 1.4291, -3.9811 6.584 1.4291, -4.1017 6.5144 1.3817, -4.0715 6.5537 1.3817, -4.0321 6.584 1.3817, -3.9862 6.603 1.3817, -3.9862 -5.7722 1.3817, -3.9862 -5.6738 1.5012, -3.9625 -5.6327 1.5209, -3.973 -5.6246 1.5209, -3.988 -5.5886 1.5209, -3.9862 -5.6018 1.5209, -3.9502 -5.6378 1.5209, -3.9625 -5.6837 1.5012, -3.973 -5.723 1.4699, -4.0066 -5.6582 1.5012, -3.9811 -5.6141 1.5209, -4.0222 -5.6378 1.5012, -4.0321 -5.6141 1.5012, -4.0354 -5.5886 1.5012, -4.0066 -5.7091 1.4699, -4.0354 -5.687 1.4699, -4.0576 -5.6582 1.4699, -4.0715 -5.6246 1.4699, -4.0762 -5.5886 1.4699, -3.9811 -5.7533 1.4291, -4.0222 -5.7362 1.4291, -4.0576 -5.7091 1.4291, -4.0846 -5.6738 1.4291, -4.1017 -5.6327 1.4291, -4.1075 -5.5886 1.4291, -4.0321 -5.7533 1.3817, -4.0715 -5.723 1.3817, -4.1017 -5.6837 1.3817, -4.1207 -5.6378 1.3817, -4.1272 -5.5886 1.3817
            ]
        }
        coordIndex [
            0,1,2,-1,2,1,3,-1,4,5,6,-1,6,5,7,-1,8,9,10,-1,10,9,11,-1,12,13,14,-1,14,13,15,-1,16,17,18,-1,18,17,19,-1,18,19,20,-1,20,19,21,-1,12,14,22,-1,12,22,23,-1,23,22,24,-1,23,24,25,-1,25,24,26,-1,25,26,27,-1,27,26,28,-1,27,28,29,-1,29,28,30,-1,29,30,31,-1,31,30,3,-1,31,3,1,-1,1,32,33,-1,34,35,36,-1,37,38,39,-1,36,35,37,-1,40,37,35,-1,40,35,41,-1,41,35,34,-1,41,34,42,-1,43,37,40,-1,44,45,46,-1,46,45,39,-1,46,39,47,-1,47,39,38,-1,47,38,48,-1,43,40,49,-1,49,40,41,-1,49,41,50,-1,50,41,42,-1,50,42,51,-1,52,44,53,-1,53,44,46,-1,53,46,54,-1,54,46,47,-1,54,47,55,-1,55,47,48,-1,55,48,56,-1,57,52,58,-1,58,52,53,-1,58,53,59,-1,59,53,54,-1,59,54,60,-1,60,54,55,-1,60,55,61,-1,61,55,56,-1,61,56,62,-1,32,57,33,-1,33,57,58,-1,33,58,63,-1,63,58,59,-1,63,59,64,-1,64,59,60,-1,64,60,65,-1,65,60,61,-1,65,61,66,-1,66,61,62,-1,66,62,67,-1,1,33,31,-1,31,33,63,-1,31,63,29,-1,29,63,64,-1,29,64,27,-1,27,64,65,-1,27,65,25,-1,25,65,66,-1,25,66,23,-1,23,66,67,-1,23,67,12,-1,45,37,39,-1,32,51,57,-1,57,51,42,-1,57,42,52,-1,52,42,34,-1,52,34,44,-1,44,34,36,-1,44,36,45,-1,45,36,37,-1,37,68,69,-1,37,69,38,-1,38,69,70,-1,38,70,48,-1,48,70,71,-1,48,71,56,-1,56,71,72,-1,56,72,62,-1,62,72,73,-1,62,73,67,-1,67,73,13,-1,67,13,12,-1,15,13,74,-1,15,74,75,-1,75,74,76,-1,75,76,77,-1,77,76,78,-1,77,78,79,-1,79,78,80,-1,79,80,81,-1,81,80,82,-1,81,82,83,-1,83,82,20,-1,83,20,21,-1,0,2,84,-1,0,84,85,-1,85,84,86,-1,85,86,87,-1,87,86,88,-1,87,88,89,-1,89,88,90,-1,89,90,91,-1,91,90,92,-1,91,92,93,-1,93,92,4,-1,93,4,6,-1,94,37,43,-1,94,43,95,-1,95,43,49,-1,95,49,96,-1,96,49,50,-1,96,50,97,-1,97,50,51,-1,97,51,98,-1,98,51,32,-1,98,32,99,-1,99,32,1,-1,99,1,0,-1,13,73,100,-1,101,102,103,-1,68,104,105,-1,103,102,68,-1,106,68,102,-1,106,102,107,-1,107,102,101,-1,107,101,108,-1,69,68,106,-1,109,110,111,-1,111,110,105,-1,111,105,112,-1,112,105,104,-1,112,104,113,-1,69,106,70,-1,70,106,107,-1,70,107,71,-1,71,107,108,-1,71,108,72,-1,114,109,115,-1,115,109,111,-1,115,111,116,-1,116,111,112,-1,116,112,117,-1,117,112,113,-1,117,113,118,-1,119,114,120,-1,120,114,115,-1,120,115,121,-1,121,115,116,-1,121,116,122,-1,122,116,117,-1,122,117,123,-1,123,117,118,-1,123,118,124,-1,73,119,100,-1,100,119,120,-1,100,120,125,-1,125,120,121,-1,125,121,126,-1,126,121,122,-1,126,122,127,-1,127,122,123,-1,127,123,128,-1,128,123,124,-1,128,124,129,-1,13,100,74,-1,74,100,125,-1,74,125,76,-1,76,125,126,-1,76,126,78,-1,78,126,127,-1,78,127,80,-1,80,127,128,-1,80,128,82,-1,82,128,129,-1,82,129,20,-1,110,68,105,-1,73,72,119,-1,119,72,108,-1,119,108,114,-1,114,108,101,-1,114,101,109,-1,109,101,103,-1,109,103,110,-1,110,103,68,-1,6,130,131,-1,132,133,134,-1,94,95,135,-1,134,133,94,-1,136,94,133,-1,136,133,137,-1,137,133,132,-1,137,132,138,-1,139,94,136,-1,140,141,142,-1,142,141,135,-1,142,135,143,-1,143,135,95,-1,143,95,96,-1,139,136,144,-1,144,136,137,-1,144,137,145,-1,145,137,138,-1,145,138,146,-1,147,140,148,-1,148,140,142,-1,148,142,149,-1,149,142,143,-1,149,143,150,-1,150,143,96,-1,150,96,97,-1,151,147,152,-1,152,147,148,-1,152,148,153,-1,153,148,149,-1,153,149,154,-1,154,149,150,-1,154,150,155,-1,155,150,97,-1,155,97,98,-1,130,151,131,-1,131,151,152,-1,131,152,156,-1,156,152,153,-1,156,153,157,-1,157,153,154,-1,157,154,158,-1,158,154,155,-1,158,155,159,-1,159,155,98,-1,159,98,99,-1,6,131,93,-1,93,131,156,-1,93,156,91,-1,91,156,157,-1,91,157,89,-1,89,157,158,-1,89,158,87,-1,87,158,159,-1,87,159,85,-1,85,159,99,-1,85,99,0,-1,141,94,135,-1,130,146,151,-1,151,146,138,-1,151,138,147,-1,147,138,132,-1,147,132,140,-1,140,132,134,-1,140,134,141,-1,141,134,94,-1,18,20,160,-1,160,20,129,-1,160,129,161,-1,161,129,162,-1,162,129,124,-1,162,124,163,-1,163,124,164,-1,164,124,118,-1,164,118,165,-1,165,118,113,-1,165,113,166,-1,166,113,104,-1,166,104,167,-1,167,104,68,-1,167,68,168,-1,7,5,169,-1,7,169,170,-1,170,169,171,-1,170,171,172,-1,172,171,173,-1,172,173,174,-1,174,173,175,-1,174,175,176,-1,176,175,177,-1,176,177,178,-1,178,177,11,-1,178,11,9,-1,179,94,139,-1,179,139,180,-1,180,139,144,-1,180,144,181,-1,181,144,145,-1,181,145,182,-1,182,145,146,-1,182,146,183,-1,183,146,130,-1,183,130,184,-1,184,130,6,-1,184,6,7,-1,168,185,186,-1,168,186,167,-1,167,186,187,-1,167,187,166,-1,166,187,188,-1,166,188,165,-1,189,163,188,-1,188,163,164,-1,188,164,165,-1,190,16,18,-1,18,160,190,-1,190,160,161,-1,190,161,189,-1,189,161,162,-1,189,162,163,-1,17,16,191,-1,17,191,192,-1,192,191,193,-1,192,193,194,-1,194,193,195,-1,194,195,196,-1,196,195,197,-1,196,197,198,-1,198,197,199,-1,198,199,200,-1,200,199,8,-1,200,8,10,-1,9,201,202,-1,203,204,205,-1,179,180,206,-1,205,204,179,-1,207,179,204,-1,207,204,208,-1,208,204,203,-1,208,203,209,-1,210,179,207,-1,211,212,213,-1,213,212,206,-1,213,206,214,-1,214,206,180,-1,214,180,181,-1,210,207,215,-1,215,207,208,-1,215,208,216,-1,216,208,209,-1,216,209,217,-1,218,211,219,-1,219,211,213,-1,219,213,220,-1,220,213,214,-1,220,214,221,-1,221,214,181,-1,221,181,182,-1,222,218,223,-1,223,218,219,-1,223,219,224,-1,224,219,220,-1,224,220,225,-1,225,220,221,-1,225,221,226,-1,226,221,182,-1,226,182,183,-1,201,222,202,-1,202,222,223,-1,202,223,227,-1,227,223,224,-1,227,224,228,-1,228,224,225,-1,228,225,229,-1,229,225,226,-1,229,226,230,-1,230,226,183,-1,230,183,184,-1,9,202,178,-1,178,202,227,-1,178,227,176,-1,176,227,228,-1,176,228,174,-1,174,228,229,-1,174,229,172,-1,172,229,230,-1,172,230,170,-1,170,230,184,-1,170,184,7,-1,212,179,206,-1,201,217,222,-1,222,217,209,-1,222,209,218,-1,218,209,203,-1,218,203,211,-1,211,203,205,-1,211,205,212,-1,212,205,179,-1,16,190,231,-1,232,233,234,-1,185,235,236,-1,234,233,185,-1,237,185,233,-1,237,233,238,-1,238,233,232,-1,238,232,239,-1,186,185,237,-1,240,241,242,-1,242,241,236,-1,242,236,243,-1,243,236,235,-1,243,235,244,-1,186,237,187,-1,187,237,238,-1,187,238,188,-1,188,238,239,-1,188,239,189,-1,245,240,246,-1,246,240,242,-1,246,242,247,-1,247,242,243,-1,247,243,248,-1,248,243,244,-1,248,244,249,-1,250,245,251,-1,251,245,246,-1,251,246,252,-1,252,246,247,-1,252,247,253,-1,253,247,248,-1,253,248,254,-1,254,248,249,-1,254,249,255,-1,190,250,231,-1,231,250,251,-1,231,251,256,-1,256,251,252,-1,256,252,257,-1,257,252,253,-1,257,253,258,-1,258,253,254,-1,258,254,259,-1,259,254,255,-1,259,255,260,-1,16,231,191,-1,191,231,256,-1,191,256,193,-1,193,256,257,-1,193,257,195,-1,195,257,258,-1,195,258,197,-1,197,258,259,-1,197,259,199,-1,199,259,260,-1,199,260,8,-1,241,185,236,-1,190,189,250,-1,250,189,239,-1,250,239,245,-1,245,239,232,-1,245,232,240,-1,240,232,234,-1,240,234,241,-1,241,234,185,-1,185,179,210,-1,185,210,235,-1,235,210,215,-1,235,215,244,-1,244,215,216,-1,244,216,249,-1,249,216,217,-1,249,217,255,-1,255,217,201,-1,255,201,260,-1,260,201,9,-1,260,9,8,-1,
        ]
    }
}
Shape{
    appearance Appearance {
        material  Material 	{
            diffuseColor 0.7529411764705882 0.7529411764705882 0.7529411764705882
            specularColor 0.3764705882352941 0.3764705882352941 0.3764705882352941
            ambientIntensity 0.7529
            transparency 0.0
            shininess 0.5
        }
    }
    geometry IndexedFaceSet {
        ccw TRUE
        solid FALSE
        coord DEF co Coordinate {
            point [
                -2.861 -6.5728 0.5551, -2.861 -7.3602 0.5551, -2.861 -6.5728 0.3976, -2.861 -7.3602 0.3976, -3.6484 -6.5728 0.5551, -3.6484 -6.5728 0.3976, -3.6484 -7.3602 0.5551, -3.6484 -7.3602 0.3976, -2.9649 -7.1339 0.5551, -3.0181 -7.2032 0.5551, -3.3414 -7.2898 0.5551, -3.2547 -7.3012 0.5551, -3.0874 -7.2563 0.5551, -3.1681 -7.2898 0.5551, -3.4221 -7.2563 0.5551, -3.4914 -7.2032 0.5551, -3.5446 -7.1339 0.5551, -3.4221 -6.6767 0.5551, -3.4914 -6.7299 0.5551, -3.5446 -6.7992 0.5551, -3.578 -7.0532 0.5551, -3.5894 -6.9665 0.5551, -3.578 -6.8799 0.5551, -2.9649 -6.7992 0.5551, -3.0181 -6.7299 0.5551, -3.0874 -6.6767 0.5551, -2.9315 -6.8799 0.5551, -2.9201 -6.9665 0.5551, -2.9315 -7.0532 0.5551, -3.3414 -6.6433 0.5551, -3.2547 -6.6319 0.5551, -3.1681 -6.6433 0.5551
            ]
        }
        coordIndex [
            0,1,2,-1,2,1,3,-1,4,0,5,-1,5,0,2,-1,6,4,7,-1,7,4,5,-1,1,6,3,-1,3,6,7,-1,1,8,9,-1,10,6,11,-1,11,6,1,-1,9,12,1,-1,1,12,13,-1,1,13,11,-1,10,14,6,-1,6,14,15,-1,6,15,16,-1,17,4,18,-1,18,4,19,-1,16,20,6,-1,6,20,21,-1,6,21,4,-1,4,21,22,-1,4,22,19,-1,23,0,24,-1,24,0,25,-1,23,26,0,-1,0,26,27,-1,0,27,1,-1,1,27,28,-1,1,28,8,-1,17,29,4,-1,4,29,30,-1,4,30,0,-1,0,30,31,-1,0,31,25,-1,
        ]
    }
}
Shape{
    appearance Appearance {
        material  Material 	{
            diffuseColor 1.0 1.0 1.0
            specularColor 0.5019607843137255 0.5019607843137255 0.5019607843137255
            ambientIntensity 1.0
            transparency 0.0
            shininess 0.5
        }
    }
    geometry IndexedFaceSet {
        ccw TRUE
        solid FALSE
        coord DEF co Coordinate {
            point [
                -2.999 -6.8189 0.752, -2.9649 -6.7992 0.752, -3.0459 -6.7577 0.752, -3.0181 -6.7299 0.752, -3.1071 -6.7108 0.752, -3.0874 -6.6767 0.752, -3.1783 -6.6813 0.752, -3.1681 -6.6433 0.752, -3.2547 -6.6713 0.752, -3.2547 -6.6319 0.752, -3.3312 -6.6813 0.752, -3.3414 -6.6433 0.752, -3.4024 -6.7108 0.752, -3.4221 -6.6767 0.752, -3.4635 -6.7577 0.752, -3.4914 -6.7299 0.752, -3.5105 -6.8189 0.752, -3.5446 -6.7992 0.752, -3.54 -6.8901 0.752, -3.578 -6.8799 0.752, -3.55 -6.9665 0.752, -3.5894 -6.9665 0.752, -3.54 -7.043 0.752, -3.578 -7.0532 0.752, -3.5105 -7.1142 0.752, -3.5446 -7.1339 0.752, -3.4635 -7.1753 0.752, -3.4914 -7.2032 0.752, -3.4024 -7.2223 0.752, -3.4221 -7.2563 0.752, -3.3312 -7.2518 0.752, -3.3414 -7.2898 0.752, -3.2547 -7.2618 0.752, -3.2547 -7.3012 0.752, -3.1783 -7.2518 0.752, -3.1681 -7.2898 0.752, -3.1071 -7.2223 0.752, -3.0874 -7.2563 0.752, -3.0459 -7.1753 0.752, -3.0181 -7.2032 0.752, -2.999 -7.1142 0.752, -2.9649 -7.1339 0.752, -2.9695 -7.043 0.752, -2.9315 -7.0532 0.752, -2.9595 -6.9665 0.752, -2.9201 -6.9665 0.752, -2.9695 -6.8901 0.752, -2.9315 -6.8799 0.752, -3.5894 -6.9665 0.5551, -3.578 -6.8799 0.5551, -3.5446 -6.7992 0.5551, -3.4914 -6.7299 0.5551, -3.4221 -6.6767 0.5551, -3.3414 -6.6433 0.5551, -3.2547 -6.6319 0.5551, -3.1681 -6.6433 0.5551, -3.0874 -6.6767 0.5551, -3.0181 -6.7299 0.5551, -2.9649 -6.7992 0.5551, -2.9315 -6.8799 0.5551, -2.9201 -6.9665 0.5551, -2.9315 -7.0532 0.5551, -2.9649 -7.1339 0.5551, -3.0181 -7.2032 0.5551, -3.0874 -7.2563 0.5551, -3.1681 -7.2898 0.5551, -3.2547 -7.3012 0.5551, -3.3414 -7.2898 0.5551, -3.4221 -7.2563 0.5551, -3.4914 -7.2032 0.5551, -3.5446 -7.1339 0.5551, -3.578 -7.0532 0.5551, -3.55 -6.9665 0.5551, -3.54 -6.8901 0.5551, -3.5105 -6.8189 0.5551, -3.4635 -6.7577 0.5551, -3.4024 -6.7108 0.5551, -3.3312 -6.6813 0.5551, -3.2547 -6.6713 0.5551, -3.1783 -6.6813 0.5551, -3.1071 -6.7108 0.5551, -3.0459 -6.7577 0.5551, -2.999 -6.8189 0.5551, -2.9695 -6.8901 0.5551, -2.9595 -6.9665 0.5551, -2.9695 -7.043 0.5551, -2.999 -7.1142 0.5551, -3.0459 -7.1753 0.5551, -3.1071 -7.2223 0.5551, -3.1783 -7.2518 0.5551, -3.2547 -7.2618 0.5551, -3.3312 -7.2518 0.5551, -3.4024 -7.2223 0.5551, -3.4635 -7.1753 0.5551, -3.5105 -7.1142 0.5551, -3.54 -7.043 0.5551
            ]
        }
        coordIndex [
            0,1,2,-1,2,1,3,-1,2,3,4,-1,4,3,5,-1,4,5,6,-1,6,5,7,-1,6,7,8,-1,8,7,9,-1,8,9,10,-1,10,9,11,-1,10,11,12,-1,12,11,13,-1,12,13,14,-1,14,13,15,-1,14,15,16,-1,16,15,17,-1,16,17,18,-1,18,17,19,-1,18,19,20,-1,20,19,21,-1,20,21,22,-1,22,21,23,-1,22,23,24,-1,24,23,25,-1,24,25,26,-1,26,25,27,-1,26,27,28,-1,28,27,29,-1,28,29,30,-1,30,29,31,-1,30,31,32,-1,32,31,33,-1,32,33,34,-1,34,33,35,-1,34,35,36,-1,36,35,37,-1,36,37,38,-1,38,37,39,-1,38,39,40,-1,40,39,41,-1,40,41,42,-1,42,41,43,-1,42,43,44,-1,44,43,45,-1,44,45,46,-1,46,45,47,-1,46,47,0,-1,0,47,1,-1,48,19,49,-1,49,19,17,-1,49,17,50,-1,50,17,15,-1,50,15,51,-1,51,15,13,-1,51,13,52,-1,52,13,11,-1,52,11,53,-1,53,11,9,-1,53,9,54,-1,54,9,7,-1,54,7,55,-1,55,7,5,-1,55,5,56,-1,56,5,3,-1,56,3,57,-1,57,3,1,-1,57,1,58,-1,58,1,47,-1,58,47,59,-1,59,47,45,-1,59,45,60,-1,60,45,43,-1,60,43,61,-1,61,43,41,-1,61,41,62,-1,62,41,39,-1,62,39,63,-1,63,39,37,-1,63,37,64,-1,64,37,35,-1,64,35,65,-1,65,35,33,-1,65,33,66,-1,66,33,31,-1,66,31,67,-1,67,31,29,-1,67,29,68,-1,68,29,27,-1,68,27,69,-1,69,27,25,-1,69,25,70,-1,70,25,23,-1,70,23,71,-1,71,23,21,-1,71,21,48,-1,48,21,19,-1,20,72,18,-1,18,72,73,-1,18,73,16,-1,16,73,74,-1,16,74,14,-1,14,74,75,-1,14,75,12,-1,12,75,76,-1,12,76,10,-1,10,76,77,-1,10,77,8,-1,8,77,78,-1,8,78,6,-1,6,78,79,-1,6,79,4,-1,4,79,80,-1,4,80,2,-1,2,80,81,-1,2,81,0,-1,0,81,82,-1,0,82,46,-1,46,82,83,-1,46,83,44,-1,44,83,84,-1,44,84,42,-1,42,84,85,-1,42,85,40,-1,40,85,86,-1,40,86,38,-1,38,86,87,-1,38,87,36,-1,36,87,88,-1,36,88,34,-1,34,88,89,-1,34,89,32,-1,32,89,90,-1,32,90,30,-1,30,90,91,-1,30,91,28,-1,28,91,92,-1,28,92,26,-1,26,92,93,-1,26,93,24,-1,24,93,94,-1,24,94,22,-1,22,94,95,-1,22,95,20,-1,20,95,72,-1,
        ]
    }
}
Shape{
    appearance Appearance {
        material  Material 	{
            diffuseColor 0.7529411764705882 0.7529411764705882 0.7529411764705882
            specularColor 0.3764705882352941 0.3764705882352941 0.3764705882352941
            ambientIntensity 0.7529
            transparency 0.0
            shininess 0.5
        }
    }
    geometry IndexedFaceSet {
        ccw TRUE
        solid FALSE
        coord DEF co Coordinate {
            point [
                -3.2154 -6.8983 0.5551, -3.1071 -6.7108 0.5551, -3.2344 -6.8905 0.5551, -3.1783 -6.6813 0.5551, -3.2547 -6.8878 0.5551, -3.2547 -6.6713 0.5551, -3.2751 -6.8905 0.5551, -3.3312 -6.6813 0.5551, -3.2941 -6.8983 0.5551, -3.4024 -6.7108 0.5551, -3.3104 -6.9109 0.5551, -3.4635 -6.7577 0.5551, -3.3229 -6.9272 0.5551, -3.5105 -6.8189 0.5551, -3.3308 -6.9462 0.5551, -3.54 -6.8901 0.5551, -3.3335 -6.9665 0.5551, -3.55 -6.9665 0.5551, -3.3308 -6.9869 0.5551, -3.54 -7.043 0.5551, -3.3229 -7.0059 0.5551, -3.5105 -7.1142 0.5551, -3.3104 -7.0222 0.5551, -3.4635 -7.1753 0.5551, -3.2941 -7.0347 0.5551, -3.4024 -7.2223 0.5551, -3.2751 -7.0426 0.5551, -3.3312 -7.2518 0.5551, -3.2547 -7.0453 0.5551, -3.2547 -7.2618 0.5551, -3.2344 -7.0426 0.5551, -3.1783 -7.2518 0.5551, -3.2154 -7.0347 0.5551, -3.1071 -7.2223 0.5551, -3.1991 -7.0222 0.5551, -3.0459 -7.1753 0.5551, -3.1865 -7.0059 0.5551, -2.999 -7.1142 0.5551, -3.1787 -6.9869 0.5551, -2.9695 -7.043 0.5551, -3.176 -6.9665 0.5551, -2.9595 -6.9665 0.5551, -3.1787 -6.9462 0.5551, -2.9695 -6.8901 0.5551, -3.1865 -6.9272 0.5551, -2.999 -6.8189 0.5551, -3.1991 -6.9109 0.5551, -3.0459 -6.7577 0.5551
            ]
        }
        coordIndex [
            0,1,2,-1,2,1,3,-1,2,3,4,-1,4,3,5,-1,4,5,6,-1,6,5,7,-1,6,7,8,-1,8,7,9,-1,8,9,10,-1,10,9,11,-1,10,11,12,-1,12,11,13,-1,12,13,14,-1,14,13,15,-1,14,15,16,-1,16,15,17,-1,16,17,18,-1,18,17,19,-1,18,19,20,-1,20,19,21,-1,20,21,22,-1,22,21,23,-1,22,23,24,-1,24,23,25,-1,24,25,26,-1,26,25,27,-1,26,27,28,-1,28,27,29,-1,28,29,30,-1,30,29,31,-1,30,31,32,-1,32,31,33,-1,32,33,34,-1,34,33,35,-1,34,35,36,-1,36,35,37,-1,36,37,38,-1,38,37,39,-1,38,39,40,-1,40,39,41,-1,40,41,42,-1,42,41,43,-1,42,43,44,-1,44,43,45,-1,44,45,46,-1,46,45,47,-1,46,47,0,-1,0,47,1,-1,
        ]
    }
}
Shape{
    appearance Appearance {
        material  Material 	{
            diffuseColor 1.0 1.0 0.5019607843137255
            specularColor 0.5019607843137255 0.5019607843137255 0.25098039215686274
            ambientIntensity 0.9432
            transparency 0.0
            shininess 0.5
        }
    }
    geometry IndexedFaceSet {
        ccw TRUE
        solid FALSE
        coord DEF co Coordinate {
            point [
                -3.3335 -6.9665 0.5551, -3.3308 -6.9462 0.6339, -3.3308 -6.9462 0.5551, -3.3229 -6.9272 0.6339, -3.3229 -6.9272 0.5551, -3.3104 -6.9109 0.6339, -3.3104 -6.9109 0.5551, -3.2941 -6.8983 0.6339, -3.2941 -6.8983 0.5551, -3.2751 -6.8905 0.6339, -3.2751 -6.8905 0.5551, -3.2547 -6.8878 0.6339, -3.2547 -6.8878 0.5551, -3.2344 -6.8905 0.6339, -3.2344 -6.8905 0.5551, -3.2154 -6.8983 0.6339, -3.2154 -6.8983 0.5551, -3.1991 -6.9109 0.6339, -3.1991 -6.9109 0.5551, -3.1865 -6.9272 0.6339, -3.1865 -6.9272 0.5551, -3.1787 -6.9462 0.6339, -3.1787 -6.9462 0.5551, -3.176 -6.9665 0.6339, -3.176 -6.9665 0.5551, -3.1787 -6.9869 0.6339, -3.1787 -6.9869 0.5551, -3.1865 -7.0059 0.6339, -3.1865 -7.0059 0.5551, -3.1991 -7.0222 0.6339, -3.1991 -7.0222 0.5551, -3.2154 -7.0347 0.6339, -3.2154 -7.0347 0.5551, -3.2344 -7.0426 0.6339, -3.2344 -7.0426 0.5551, -3.2547 -7.0453 0.6339, -3.2547 -7.0453 0.5551, -3.2751 -7.0426 0.6339, -3.2751 -7.0426 0.5551, -3.2941 -7.0347 0.6339, -3.2941 -7.0347 0.5551, -3.3104 -7.0222 0.6339, -3.3104 -7.0222 0.5551, -3.3229 -7.0059 0.6339, -3.3229 -7.0059 0.5551, -3.3308 -6.9869 0.6339, -3.3308 -6.9869 0.5551, -3.3335 -6.9665 0.6339, -3.2547 -6.9665 0.7126, -3.2351 -6.9613 0.7099, -3.2371 -6.9563 0.7099, -3.2344 -6.9665 0.7099, -3.2445 -6.9489 0.7099, -3.2495 -6.9469 0.7099, -3.2403 -6.9521 0.7099, -3.26 -6.9469 0.7099, -3.2649 -6.9489 0.7099, -3.2547 -6.9462 0.7099, -3.2724 -6.9563 0.7099, -3.2744 -6.9613 0.7099, -3.2691 -6.9521 0.7099, -3.2744 -6.9718 0.7099, -3.2724 -6.9767 0.7099, -3.2751 -6.9665 0.7099, -3.2649 -6.9842 0.7099, -3.26 -6.9862 0.7099, -3.2691 -6.9809 0.7099, -3.2495 -6.9862 0.7099, -3.2445 -6.9842 0.7099, -3.2547 -6.9869 0.7099, -3.2371 -6.9767 0.7099, -3.2351 -6.9718 0.7099, -3.2403 -6.9809 0.7099, -3.2167 -6.9563 0.702, -3.2206 -6.9469 0.702, -3.2269 -6.9387 0.702, -3.2351 -6.9324 0.702, -3.2445 -6.9285 0.702, -3.2547 -6.9272 0.702, -3.2649 -6.9285 0.702, -3.2744 -6.9324 0.702, -3.2826 -6.9387 0.702, -3.2888 -6.9469 0.702, -3.2928 -6.9563 0.702, -3.2941 -6.9665 0.702, -3.2928 -6.9767 0.702, -3.2888 -6.9862 0.702, -3.2826 -6.9944 0.702, -3.2744 -7.0006 0.702, -3.2649 -7.0046 0.702, -3.2547 -7.0059 0.702, -3.2445 -7.0046 0.702, -3.2351 -7.0006 0.702, -3.2269 -6.9944 0.702, -3.2206 -6.9862 0.702, -3.2167 -6.9767 0.702, -3.2154 -6.9665 0.702, -3.201 -6.9521 0.6895, -3.2065 -6.9387 0.6895, -3.2154 -6.9272 0.6895, -3.2269 -6.9183 0.6895, -3.2403 -6.9128 0.6895, -3.2547 -6.9109 0.6895, -3.2691 -6.9128 0.6895, -3.2826 -6.9183 0.6895, -3.2941 -6.9272 0.6895, -3.303 -6.9387 0.6895, -3.3085 -6.9521 0.6895, -3.3104 -6.9665 0.6895, -3.3085 -6.9809 0.6895, -3.303 -6.9944 0.6895, -3.2941 -7.0059 0.6895, -3.2826 -7.0148 0.6895, -3.2691 -7.0203 0.6895, -3.2547 -7.0222 0.6895, -3.2403 -7.0203 0.6895, -3.2269 -7.0148 0.6895, -3.2154 -7.0059 0.6895, -3.2065 -6.9944 0.6895, -3.201 -6.9809 0.6895, -3.1991 -6.9665 0.6895, -3.1889 -6.9489 0.6732, -3.1957 -6.9324 0.6732, -3.2065 -6.9183 0.6732, -3.2206 -6.9075 0.6732, -3.2371 -6.9007 0.6732, -3.2547 -6.8983 0.6732, -3.2724 -6.9007 0.6732, -3.2888 -6.9075 0.6732, -3.303 -6.9183 0.6732, -3.3138 -6.9324 0.6732, -3.3206 -6.9489 0.6732, -3.3229 -6.9665 0.6732, -3.3206 -6.9842 0.6732, -3.3138 -7.0006 0.6732, -3.303 -7.0148 0.6732, -3.2888 -7.0256 0.6732, -3.2724 -7.0324 0.6732, -3.2547 -7.0347 0.6732, -3.2371 -7.0324 0.6732, -3.2206 -7.0256 0.6732, -3.2065 -7.0148 0.6732, -3.1957 -7.0006 0.6732, -3.1889 -6.9842 0.6732, -3.1865 -6.9665 0.6732, -3.1813 -6.9469 0.6542, -3.1889 -6.9285 0.6542, -3.201 -6.9128 0.6542, -3.2167 -6.9007 0.6542, -3.2351 -6.8931 0.6542, -3.2547 -6.8905 0.6542, -3.2744 -6.8931 0.6542, -3.2928 -6.9007 0.6542, -3.3085 -6.9128 0.6542, -3.3206 -6.9285 0.6542, -3.3282 -6.9469 0.6542, -3.3308 -6.9665 0.6542, -3.3282 -6.9862 0.6542, -3.3206 -7.0046 0.6542, -3.3085 -7.0203 0.6542, -3.2928 -7.0324 0.6542, -3.2744 -7.04 0.6542, -3.2547 -7.0426 0.6542, -3.2351 -7.04 0.6542, -3.2167 -7.0324 0.6542, -3.201 -7.0203 0.6542, -3.1889 -7.0046 0.6542, -3.1813 -6.9862 0.6542, -3.1787 -6.9665 0.6542, -4.5723 -5.9573 0.0, -4.588 -5.9193 0.0, -4.2323 -5.7028 0.0, -4.7244 -6.2933 0.0, -4.7244 -6.1555 0.0, -4.6837 -6.1501 0.0, -4.6131 -5.8867 0.0, -4.6457 -5.8617 0.0, -4.7244 -5.7028 0.0, -4.6837 -5.8459 0.0, -4.7244 -5.8406 0.0, -4.2323 -6.2933 0.0, -4.6457 -6.1344 0.0, -4.6131 -6.1094 0.0, -4.588 -6.0768 0.0, -4.5723 -6.0388 0.0, -4.5669 -5.998 0.0, -4.7244 -6.2933 0.0039, -4.2323 -6.2933 0.0039, -4.2323 -5.7028 0.0039, -4.7244 -5.7028 0.0039, -4.7244 -5.7028 0.3976, -4.7244 -5.7028 0.4016, -4.5276 -5.7028 0.3976, -4.5276 -5.7028 0.4016, -4.7244 -6.2933 0.4016, -4.7244 -6.2933 0.3976, -4.5276 -6.2933 0.4016, -4.5276 -6.2933 0.3976, -4.7244 -5.8406 0.4016, -4.6837 -5.8459 0.4016, -4.6131 -5.8867 0.4016, -4.588 -5.9193 0.4016, -4.6457 -5.8617 0.4016, -4.5723 -5.9573 0.4016, -4.5669 -5.998 0.4016, -4.5723 -6.0388 0.4016, -4.588 -6.0768 0.4016, -4.6131 -6.1094 0.4016, -4.6457 -6.1344 0.4016, -4.6837 -6.1501 0.4016, -4.7244 -6.1555 0.4016, -4.5723 -4.9573 0.0, -4.588 -4.9193 0.0, -4.2323 -4.7028 0.0, -4.7244 -5.2933 0.0, -4.7244 -5.1555 0.0, -4.6837 -5.1501 0.0, -4.6131 -4.8867 0.0, -4.6457 -4.8617 0.0, -4.7244 -4.7028 0.0, -4.6837 -4.8459 0.0, -4.7244 -4.8406 0.0, -4.2323 -5.2933 0.0, -4.6457 -5.1344 0.0, -4.6131 -5.1094 0.0, -4.588 -5.0768 0.0, -4.5723 -5.0388 0.0, -4.5669 -4.998 0.0, -4.7244 -5.2933 0.0039, -4.2323 -5.2933 0.0039, -4.2323 -4.7028 0.0039, -4.7244 -4.7028 0.0039, -4.7244 -4.7028 0.3976, -4.7244 -4.7028 0.4016, -4.5276 -4.7028 0.3976, -4.5276 -4.7028 0.4016, -4.7244 -5.2933 0.4016, -4.7244 -5.2933 0.3976, -4.5276 -5.2933 0.4016, -4.5276 -5.2933 0.3976, -4.7244 -4.8406 0.4016, -4.6837 -4.8459 0.4016, -4.6131 -4.8867 0.4016, -4.588 -4.9193 0.4016, -4.6457 -4.8617 0.4016, -4.5723 -4.9573 0.4016, -4.5669 -4.998 0.4016, -4.5723 -5.0388 0.4016, -4.588 -5.0768 0.4016, -4.6131 -5.1094 0.4016, -4.6457 -5.1344 0.4016, -4.6837 -5.1501 0.4016, -4.7244 -5.1555 0.4016, -4.7244 -4.2933 0.0, -4.7244 -4.1555 0.0, -4.6837 -4.1501 0.0, -4.5723 -3.9573 0.0, -4.588 -3.9193 0.0, -4.2323 -3.7028 0.0, -4.2323 -4.2933 0.0, -4.6457 -4.1344 0.0, -4.6131 -4.1094 0.0, -4.588 -4.0768 0.0, -4.5723 -4.0388 0.0, -4.5669 -3.998 0.0, -4.6131 -3.8867 0.0, -4.6457 -3.8617 0.0, -4.7244 -3.7028 0.0, -4.6837 -3.8459 0.0, -4.7244 -3.8406 0.0, -4.7244 -4.2933 0.0039, -4.2323 -4.2933 0.0039, -4.2323 -3.7028 0.0039, -4.7244 -3.7028 0.0039, -4.7244 -3.7028 0.3976, -4.7244 -3.7028 0.4016, -4.5276 -3.7028 0.3976, -4.5276 -3.7028 0.4016, -4.7244 -4.2933 0.4016, -4.7244 -4.2933 0.3976, -4.5276 -4.2933 0.4016, -4.5276 -4.2933 0.3976, -4.6131 -3.8867 0.4016, -4.588 -3.9193 0.4016, -4.7244 -3.8406 0.4016, -4.6837 -3.8459 0.4016, -4.588 -4.0768 0.4016, -4.6131 -4.1094 0.4016, -4.6457 -4.1344 0.4016, -4.6837 -4.1501 0.4016, -4.7244 -4.1555 0.4016, -4.6457 -3.8617 0.4016, -4.5723 -3.9573 0.4016, -4.5669 -3.998 0.4016, -4.5723 -4.0388 0.4016, -4.2323 -1.3012 0.0, -4.6457 -1.1423 0.0, -4.6131 -1.1173 0.0, -4.2323 -0.7106 0.0, -4.6457 -0.8695 0.0, -4.7244 -0.7106 0.0, -4.6837 -0.8538 0.0, -4.7244 -0.8484 0.0, -4.6837 -1.158 0.0, -4.7244 -1.3012 0.0, -4.7244 -1.1634 0.0, -4.588 -1.0846 0.0, -4.5723 -1.0467 0.0, -4.5669 -1.0059 0.0, -4.5723 -0.9651 0.0, -4.588 -0.9272 0.0, -4.6131 -0.8946 0.0, -4.7244 -1.3012 0.0039, -4.2323 -1.3012 0.0039, -4.2323 -0.7106 0.0039, -4.7244 -0.7106 0.0039, -4.7244 -0.7106 0.3976, -4.7244 -0.7106 0.4016, -4.5276 -0.7106 0.3976, -4.5276 -0.7106 0.4016, -4.7244 -1.3012 0.4016, -4.7244 -1.3012 0.3976, -4.5276 -1.3012 0.4016, -4.5276 -1.3012 0.3976, -4.7244 -0.8484 0.4016, -4.6837 -0.8538 0.4016, -4.6457 -0.8695 0.4016, -4.6131 -0.8946 0.4016, -4.588 -0.9272 0.4016, -4.5723 -0.9651 0.4016, -4.5669 -1.0059 0.4016, -4.5723 -1.0467 0.4016, -4.588 -1.0846 0.4016, -4.6131 -1.1173 0.4016, -4.6457 -1.1423 0.4016, -4.6837 -1.158 0.4016, -4.7244 -1.1634 0.4016, -4.2323 -0.3012 0.0, -4.6457 -0.1423 0.0, -4.6131 -0.1173 0.0, -4.2323 0.2894 0.0, -4.6457 0.1305 0.0, -4.7244 0.2894 0.0, -4.6837 0.1462 0.0, -4.7244 0.1516 0.0, -4.6837 -0.158 0.0, -4.7244 -0.3012 0.0, -4.7244 -0.1634 0.0, -4.588 -0.0846 0.0, -4.5723 -0.0467 0.0, -4.5669 -0.0059 0.0, -4.5723 0.0349 0.0, -4.588 0.0728 0.0, -4.6131 0.1054 0.0, -4.7244 -0.3012 0.0039, -4.2323 -0.3012 0.0039, -4.2323 0.2894 0.0039, -4.7244 0.2894 0.0039, -4.7244 0.2894 0.3976, -4.7244 0.2894 0.4016, -4.5276 0.2894 0.3976, -4.5276 0.2894 0.4016, -4.7244 -0.3012 0.4016, -4.7244 -0.3012 0.3976, -4.5276 -0.3012 0.4016, -4.5276 -0.3012 0.3976, -4.7244 0.1516 0.4016, -4.6837 0.1462 0.4016, -4.6457 0.1305 0.4016, -4.6131 0.1054 0.4016, -4.588 0.0728 0.4016, -4.5723 0.0349 0.4016, -4.5669 -0.0059 0.4016, -4.5723 -0.0467 0.4016, -4.588 -0.0846 0.4016, -4.6131 -0.1173 0.4016, -4.6457 -0.1423 0.4016, -4.6837 -0.158 0.4016, -4.7244 -0.1634 0.4016, -4.2323 0.6988 0.0, -4.6457 0.8577 0.0, -4.6131 0.8827 0.0, -4.2323 1.2894 0.0, -4.5723 1.0349 0.0, -4.588 1.0728 0.0, -4.6131 1.1054 0.0, -4.6457 1.1305 0.0, -4.7244 1.2894 0.0, -4.6837 1.1462 0.0, -4.7244 1.1516 0.0, -4.6837 0.842 0.0, -4.7244 0.6988 0.0, -4.7244 0.8366 0.0, -4.588 0.9154 0.0, -4.5723 0.9533 0.0, -4.5669 0.9941 0.0, -4.7244 0.6988 0.0039, -4.2323 0.6988 0.0039, -4.2323 1.2894 0.0039, -4.7244 1.2894 0.0039, -4.7244 1.2894 0.3976, -4.7244 1.2894 0.4016, -4.5276 1.2894 0.3976, -4.5276 1.2894 0.4016, -4.7244 0.6988 0.4016, -4.7244 0.6988 0.3976, -4.5276 0.6988 0.4016, -4.5276 0.6988 0.3976, -4.7244 1.1516 0.4016, -4.6837 1.1462 0.4016, -4.6457 1.1305 0.4016, -4.6131 1.1054 0.4016, -4.588 1.0728 0.4016, -4.5723 1.0349 0.4016, -4.5669 0.9941 0.4016, -4.5723 0.9533 0.4016, -4.588 0.9154 0.4016, -4.6131 0.8827 0.4016, -4.6457 0.8577 0.4016, -4.6837 0.842 0.4016, -4.7244 0.8366 0.4016, -4.7244 1.6988 0.0, -4.7244 1.8366 0.0, -4.6837 1.842 0.0, -4.6131 1.8827 0.0, -4.588 1.9154 0.0, -4.2323 1.6988 0.0, -4.5723 1.9533 0.0, -4.2323 2.2894 0.0, -4.6457 1.8577 0.0, -4.5669 1.9941 0.0, -4.5723 2.0349 0.0, -4.588 2.0728 0.0, -4.6131 2.1054 0.0, -4.6457 2.1305 0.0, -4.7244 2.2894 0.0, -4.6837 2.1462 0.0, -4.7244 2.1516 0.0, -4.7244 1.6988 0.0039, -4.2323 1.6988 0.0039, -4.2323 2.2894 0.0039, -4.7244 2.2894 0.0039, -4.7244 2.2894 0.3976, -4.7244 2.2894 0.4016, -4.5276 2.2894 0.3976, -4.5276 2.2894 0.4016, -4.7244 1.6988 0.4016, -4.7244 1.6988 0.3976, -4.5276 1.6988 0.4016, -4.5276 1.6988 0.3976, -4.7244 2.1516 0.4016, -4.6837 2.1462 0.4016, -4.5669 1.9941 0.4016, -4.5723 1.9533 0.4016, -4.588 1.9154 0.4016, -4.6131 2.1054 0.4016, -4.588 2.0728 0.4016, -4.5723 2.0349 0.4016, -4.6131 1.8827 0.4016, -4.6457 1.8577 0.4016, -4.6837 1.842 0.4016, -4.7244 1.8366 0.4016, -4.6457 2.1305 0.4016, -4.7244 2.6988 0.0, -4.7244 2.8366 0.0, -4.6837 2.842 0.0, -4.2323 2.6988 0.0, -4.6457 2.8577 0.0, -4.6131 2.8827 0.0, -4.588 2.9154 0.0, -4.5723 2.9533 0.0, -4.5669 2.9941 0.0, -4.2323 3.2894 0.0, -4.5723 3.0349 0.0, -4.588 3.0728 0.0, -4.6131 3.1054 0.0, -4.6457 3.1305 0.0, -4.7244 3.2894 0.0, -4.6837 3.1462 0.0, -4.7244 3.1516 0.0, -4.7244 2.6988 0.0039, -4.2323 2.6988 0.0039, -4.2323 3.2894 0.0039, -4.7244 3.2894 0.0039, -4.7244 3.2894 0.3976, -4.7244 3.2894 0.4016, -4.5276 3.2894 0.3976, -4.5276 3.2894 0.4016, -4.7244 2.6988 0.4016, -4.7244 2.6988 0.3976, -4.5276 2.6988 0.4016, -4.5276 2.6988 0.3976, -4.7244 3.1516 0.4016, -4.6837 3.1462 0.4016, -4.6131 3.1054 0.4016, -4.588 3.0728 0.4016, -4.6457 3.1305 0.4016, -4.588 2.9154 0.4016, -4.6131 2.8827 0.4016, -4.6457 2.8577 0.4016, -4.6837 2.842 0.4016, -4.7244 2.8366 0.4016, -4.5723 3.0349 0.4016, -4.5669 2.9941 0.4016, -4.5723 2.9533 0.4016, -4.7244 3.6988 0.0, -4.7244 3.8366 0.0, -4.6837 3.842 0.0, -4.2323 3.6988 0.0, -4.6457 3.8577 0.0, -4.6131 3.8827 0.0, -4.588 3.9154 0.0, -4.5723 3.9533 0.0, -4.5669 3.9941 0.0, -4.2323 4.2894 0.0, -4.5723 4.0349 0.0, -4.588 4.0728 0.0, -4.6131 4.1054 0.0, -4.6457 4.1305 0.0, -4.7244 4.2894 0.0, -4.6837 4.1462 0.0, -4.7244 4.1516 0.0, -4.7244 3.6988 0.0039, -4.2323 3.6988 0.0039, -4.2323 4.2894 0.0039, -4.7244 4.2894 0.0039, -4.7244 4.2894 0.3976, -4.7244 4.2894 0.4016, -4.5276 4.2894 0.3976, -4.5276 4.2894 0.4016, -4.7244 3.6988 0.4016, -4.7244 3.6988 0.3976, -4.5276 3.6988 0.4016, -4.5276 3.6988 0.3976, -4.7244 4.1516 0.4016, -4.6837 4.1462 0.4016, -4.6131 4.1054 0.4016, -4.588 4.0728 0.4016, -4.6457 4.1305 0.4016, -4.588 3.9154 0.4016, -4.6131 3.8827 0.4016, -4.6457 3.8577 0.4016, -4.6837 3.842 0.4016, -4.7244 3.8366 0.4016, -4.5723 4.0349 0.4016, -4.5669 3.9941 0.4016, -4.5723 3.9533 0.4016, -4.5723 5.0349 0.0, -4.588 5.0728 0.0, -4.2323 5.2894 0.0, -4.2323 4.6988 0.0, -4.6457 4.8577 0.0, -4.6131 4.8827 0.0, -4.6837 4.842 0.0, -4.7244 4.6988 0.0, -4.7244 4.8366 0.0, -4.588 4.9154 0.0, -4.5723 4.9533 0.0, -4.5669 4.9941 0.0, -4.6131 5.1054 0.0, -4.6457 5.1305 0.0, -4.7244 5.2894 0.0, -4.6837 5.1462 0.0, -4.7244 5.1516 0.0, -4.7244 4.6988 0.0039, -4.2323 4.6988 0.0039, -4.2323 5.2894 0.0039, -4.7244 5.2894 0.0039, -4.7244 5.2894 0.3976, -4.7244 5.2894 0.4016, -4.5276 5.2894 0.3976, -4.5276 5.2894 0.4016, -4.7244 4.6988 0.4016, -4.7244 4.6988 0.3976, -4.5276 4.6988 0.4016, -4.5276 4.6988 0.3976, -4.7244 5.1516 0.4016, -4.6837 5.1462 0.4016, -4.6131 5.1054 0.4016, -4.588 5.0728 0.4016, -4.6457 5.1305 0.4016, -4.588 4.9154 0.4016, -4.6131 4.8827 0.4016, -4.6457 4.8577 0.4016, -4.6837 4.842 0.4016, -4.7244 4.8366 0.4016, -4.5723 5.0349 0.4016, -4.5669 4.9941 0.4016, -4.5723 4.9533 0.4016, -4.6457 5.8577 0.0, -4.6131 5.8827 0.0, -4.2323 5.6988 0.0, -4.6837 5.842 0.0, -4.7244 5.6988 0.0, -4.7244 5.8366 0.0, -4.5669 5.9941 0.0, -4.2323 6.2894 0.0, -4.5723 6.0349 0.0, -4.588 6.0728 0.0, -4.6131 6.1054 0.0, -4.6457 6.1305 0.0, -4.7244 6.2894 0.0, -4.6837 6.1462 0.0, -4.7244 6.1516 0.0, -4.588 5.9154 0.0, -4.5723 5.9533 0.0, -4.7244 5.6988 0.0039, -4.2323 5.6988 0.0039, -4.2323 6.2894 0.0039, -4.7244 6.2894 0.0039, -4.7244 6.2894 0.3976, -4.7244 6.2894 0.4016, -4.5276 6.2894 0.3976, -4.5276 6.2894 0.4016, -4.7244 5.6988 0.4016, -4.7244 5.6988 0.3976, -4.5276 5.6988 0.4016, -4.5276 5.6988 0.3976, -4.7244 6.1516 0.4016, -4.6837 6.1462 0.4016, -4.6457 6.1305 0.4016, -4.6131 6.1054 0.4016, -4.588 6.0728 0.4016, -4.588 5.9154 0.4016, -4.6131 5.8827 0.4016, -4.6457 5.8577 0.4016, -4.6837 5.842 0.4016, -4.7244 5.8366 0.4016, -4.5723 6.0349 0.4016, -4.5669 5.9941 0.4016, -4.5723 5.9533 0.4016, 4.7244 -5.7028 0.0, 4.7244 -5.8406 0.0, 4.6837 -5.8459 0.0, 4.2323 -5.7028 0.0, 4.6131 -5.8867 0.0, 4.588 -5.9193 0.0, 4.6457 -5.8617 0.0, 4.5723 -5.9573 0.0, 4.5669 -5.998 0.0, 4.2323 -6.2933 0.0, 4.5723 -6.0388 0.0, 4.588 -6.0768 0.0, 4.6131 -6.1094 0.0, 4.6457 -6.1344 0.0, 4.7244 -6.2933 0.0, 4.6837 -6.1501 0.0, 4.7244 -6.1555 0.0, 4.7244 -5.7028 0.0039, 4.2323 -5.7028 0.0039, 4.2323 -6.2933 0.0039, 4.7244 -6.2933 0.0039, 4.7244 -4.7028 0.0, 4.7244 -4.8406 0.0, 4.6837 -4.8459 0.0, 4.2323 -4.7028 0.0, 4.6131 -4.8867 0.0, 4.588 -4.9193 0.0, 4.6457 -4.8617 0.0, 4.5723 -4.9573 0.0, 4.5669 -4.998 0.0, 4.2323 -5.2933 0.0, 4.5723 -5.0388 0.0, 4.588 -5.0768 0.0, 4.6131 -5.1094 0.0, 4.6457 -5.1344 0.0, 4.7244 -5.2933 0.0, 4.6837 -5.1501 0.0, 4.7244 -5.1555 0.0, 4.7244 -4.7028 0.0039, 4.2323 -4.7028 0.0039, 4.2323 -5.2933 0.0039, 4.7244 -5.2933 0.0039, 4.2323 -3.7028 0.0, 4.6457 -3.8617 0.0, 4.6131 -3.8867 0.0, 4.2323 -4.2933 0.0, 4.5723 -4.0388 0.0, 4.588 -4.0768 0.0, 4.6131 -4.1094 0.0, 4.6457 -4.1344 0.0, 4.7244 -4.2933 0.0, 4.6837 -4.1501 0.0, 4.7244 -4.1555 0.0, 4.6837 -3.8459 0.0, 4.7244 -3.7028 0.0, 4.7244 -3.8406 0.0, 4.588 -3.9193 0.0, 4.5723 -3.9573 0.0, 4.5669 -3.998 0.0, 4.7244 -3.7028 0.0039, 4.2323 -3.7028 0.0039, 4.2323 -4.2933 0.0039, 4.7244 -4.2933 0.0039, 4.7244 -3.8406 0.4016, 4.6837 -3.8459 0.4016, 4.6457 -3.8617 0.4016, 4.6131 -3.8867 0.4016, 4.588 -3.9193 0.4016, 4.5723 -3.9573 0.4016, 4.5669 -3.998 0.4016, 4.5723 -4.0388 0.4016, 4.588 -4.0768 0.4016, 4.6131 -4.1094 0.4016, 4.6457 -4.1344 0.4016, 4.6837 -4.1501 0.4016, 4.7244 -4.1555 0.4016, 4.7244 -4.8406 0.4016, 4.6837 -4.8459 0.4016, 4.6457 -4.8617 0.4016, 4.6131 -4.8867 0.4016, 4.588 -4.9193 0.4016, 4.5723 -4.9573 0.4016, 4.5669 -4.998 0.4016, 4.5723 -5.0388 0.4016, 4.588 -5.0768 0.4016, 4.6131 -5.1094 0.4016, 4.6457 -5.1344 0.4016, 4.6837 -5.1501 0.4016, 4.7244 -5.1555 0.4016, 4.7244 -5.8406 0.4016, 4.6837 -5.8459 0.4016, 4.6457 -5.8617 0.4016, 4.6131 -5.8867 0.4016, 4.588 -5.9193 0.4016, 4.5723 -5.9573 0.4016, 4.5669 -5.998 0.4016, 4.5723 -6.0388 0.4016, 4.588 -6.0768 0.4016, 4.6131 -6.1094 0.4016, 4.6457 -6.1344 0.4016, 4.6837 -6.1501 0.4016, 4.7244 -6.1555 0.4016, 4.5276 -3.7028 0.3976, 4.5276 -4.2933 0.3976, 4.5276 -3.7028 0.4016, 4.5276 -4.2933 0.4016, 4.5276 -4.7028 0.3976, 4.5276 -5.2933 0.3976, 4.5276 -4.7028 0.4016, 4.5276 -5.2933 0.4016, 4.5276 -5.7028 0.3976, 4.5276 -6.2933 0.3976, 4.5276 -5.7028 0.4016, 4.5276 -6.2933 0.4016, 4.7244 -0.7106 0.0, 4.7244 -0.8484 0.0, 4.6837 -0.8538 0.0, 4.2323 -0.7106 0.0, 4.6457 -0.8695 0.0, 4.6131 -0.8946 0.0, 4.588 -0.9272 0.0, 4.5723 -0.9651 0.0, 4.5669 -1.0059 0.0, 4.2323 -1.3012 0.0, 4.5723 -1.0467 0.0, 4.588 -1.0846 0.0, 4.6131 -1.1173 0.0, 4.6457 -1.1423 0.0, 4.7244 -1.3012 0.0, 4.6837 -1.158 0.0, 4.7244 -1.1634 0.0, 4.7244 -0.7106 0.0039, 4.2323 -0.7106 0.0039, 4.2323 -1.3012 0.0039, 4.7244 -1.3012 0.0039, 4.7244 0.2894 0.0, 4.7244 0.1516 0.0, 4.6837 0.1462 0.0, 4.2323 0.2894 0.0, 4.6131 0.1054 0.0, 4.588 0.0728 0.0, 4.6457 0.1305 0.0, 4.5723 0.0349 0.0, 4.5669 -0.0059 0.0, 4.2323 -0.3012 0.0, 4.5723 -0.0467 0.0, 4.588 -0.0846 0.0, 4.6131 -0.1173 0.0, 4.6457 -0.1423 0.0, 4.7244 -0.3012 0.0, 4.6837 -0.158 0.0, 4.7244 -0.1634 0.0, 4.7244 0.2894 0.0039, 4.2323 0.2894 0.0039, 4.2323 -0.3012 0.0039, 4.7244 -0.3012 0.0039, 4.7244 1.2894 0.0, 4.7244 1.1516 0.0, 4.6837 1.1462 0.0, 4.2323 1.2894 0.0, 4.6457 1.1305 0.0, 4.6131 1.1054 0.0, 4.588 1.0728 0.0, 4.5723 1.0349 0.0, 4.5669 0.9941 0.0, 4.2323 0.6988 0.0, 4.5723 0.9533 0.0, 4.588 0.9154 0.0, 4.6131 0.8827 0.0, 4.6457 0.8577 0.0, 4.7244 0.6988 0.0, 4.6837 0.842 0.0, 4.7244 0.8366 0.0, 4.7244 1.2894 0.0039, 4.2323 1.2894 0.0039, 4.2323 0.6988 0.0039, 4.7244 0.6988 0.0039, 4.7244 2.2894 0.0, 4.7244 2.1516 0.0, 4.6837 2.1462 0.0, 4.2323 2.2894 0.0, 4.6457 2.1305 0.0, 4.6131 2.1054 0.0, 4.588 2.0728 0.0, 4.588 1.9154 0.0, 4.6131 1.8827 0.0, 4.2323 1.6988 0.0, 4.6457 1.8577 0.0, 4.7244 1.6988 0.0, 4.6837 1.842 0.0, 4.7244 1.8366 0.0, 4.5723 2.0349 0.0, 4.5669 1.9941 0.0, 4.5723 1.9533 0.0, 4.7244 2.2894 0.0039, 4.2323 2.2894 0.0039, 4.2323 1.6988 0.0039, 4.7244 1.6988 0.0039, 4.7244 3.2894 0.0, 4.7244 3.1516 0.0, 4.6837 3.1462 0.0, 4.2323 3.2894 0.0, 4.6457 3.1305 0.0, 4.6131 3.1054 0.0, 4.2323 2.6988 0.0, 4.5723 2.9533 0.0, 4.588 2.9154 0.0, 4.6131 2.8827 0.0, 4.6457 2.8577 0.0, 4.7244 2.6988 0.0, 4.6837 2.842 0.0, 4.7244 2.8366 0.0, 4.588 3.0728 0.0, 4.5723 3.0349 0.0, 4.5669 2.9941 0.0, 4.7244 3.2894 0.0039, 4.2323 3.2894 0.0039, 4.2323 2.6988 0.0039, 4.7244 2.6988 0.0039, 4.7244 4.2894 0.0, 4.7244 4.1516 0.0, 4.6837 4.1462 0.0, 4.6131 4.1054 0.0, 4.588 4.0728 0.0, 4.2323 4.2894 0.0, 4.6457 4.1305 0.0, 4.5723 4.0349 0.0, 4.5669 3.9941 0.0, 4.2323 3.6988 0.0, 4.5723 3.9533 0.0, 4.588 3.9154 0.0, 4.6131 3.8827 0.0, 4.6457 3.8577 0.0, 4.7244 3.6988 0.0, 4.6837 3.842 0.0, 4.7244 3.8366 0.0, 4.7244 4.2894 0.0039, 4.2323 4.2894 0.0039, 4.2323 3.6988 0.0039, 4.7244 3.6988 0.0039, 4.7244 5.2894 0.0, 4.7244 5.1516 0.0, 4.6837 5.1462 0.0, 4.6131 5.1054 0.0, 4.588 5.0728 0.0, 4.2323 5.2894 0.0, 4.6457 5.1305 0.0, 4.5723 5.0349 0.0, 4.5669 4.9941 0.0, 4.2323 4.6988 0.0, 4.5723 4.9533 0.0, 4.588 4.9154 0.0, 4.6131 4.8827 0.0, 4.6457 4.8577 0.0, 4.7244 4.6988 0.0, 4.6837 4.842 0.0, 4.7244 4.8366 0.0, 4.7244 5.2894 0.0039, 4.2323 5.2894 0.0039, 4.2323 4.6988 0.0039, 4.7244 4.6988 0.0039, 4.5723 5.9533 0.0, 4.588 5.9154 0.0, 4.2323 5.6988 0.0, 4.2323 6.2894 0.0, 4.6457 6.1305 0.0, 4.6131 6.1054 0.0, 4.6837 6.1462 0.0, 4.7244 6.2894 0.0, 4.7244 6.1516 0.0, 4.6131 5.8827 0.0, 4.6457 5.8577 0.0, 4.7244 5.6988 0.0, 4.6837 5.842 0.0, 4.7244 5.8366 0.0, 4.588 6.0728 0.0, 4.5723 6.0349 0.0, 4.5669 5.9941 0.0, 4.7244 6.2894 0.0039, 4.2323 6.2894 0.0039, 4.2323 5.6988 0.0039, 4.7244 5.6988 0.0039, 4.7244 6.1516 0.4016, 4.6837 6.1462 0.4016, 4.6457 6.1305 0.4016, 4.6131 6.1054 0.4016, 4.588 6.0728 0.4016, 4.5723 6.0349 0.4016, 4.5669 5.9941 0.4016, 4.5723 5.9533 0.4016, 4.588 5.9154 0.4016, 4.6131 5.8827 0.4016, 4.6457 5.8577 0.4016, 4.6837 5.842 0.4016, 4.7244 5.8366 0.4016, 4.7244 5.1516 0.4016, 4.6837 5.1462 0.4016, 4.6457 5.1305 0.4016, 4.6131 5.1054 0.4016, 4.588 5.0728 0.4016, 4.5723 5.0349 0.4016, 4.5669 4.9941 0.4016, 4.5723 4.9533 0.4016, 4.588 4.9154 0.4016, 4.6131 4.8827 0.4016, 4.6457 4.8577 0.4016, 4.6837 4.842 0.4016, 4.7244 4.8366 0.4016, 4.7244 4.1516 0.4016, 4.6837 4.1462 0.4016, 4.6457 4.1305 0.4016, 4.6131 4.1054 0.4016, 4.588 4.0728 0.4016, 4.5723 4.0349 0.4016, 4.5669 3.9941 0.4016, 4.5723 3.9533 0.4016, 4.588 3.9154 0.4016, 4.6131 3.8827 0.4016, 4.6457 3.8577 0.4016, 4.6837 3.842 0.4016, 4.7244 3.8366 0.4016, 4.7244 3.1516 0.4016, 4.6837 3.1462 0.4016, 4.6457 3.1305 0.4016, 4.6131 3.1054 0.4016, 4.588 3.0728 0.4016, 4.5723 3.0349 0.4016, 4.5669 2.9941 0.4016, 4.5723 2.9533 0.4016, 4.588 2.9154 0.4016, 4.6131 2.8827 0.4016, 4.6457 2.8577 0.4016, 4.6837 2.842 0.4016, 4.7244 2.8366 0.4016, 4.7244 2.1516 0.4016, 4.6837 2.1462 0.4016, 4.6457 2.1305 0.4016, 4.6131 2.1054 0.4016, 4.588 2.0728 0.4016, 4.5723 2.0349 0.4016, 4.5669 1.9941 0.4016, 4.5723 1.9533 0.4016, 4.588 1.9154 0.4016, 4.6131 1.8827 0.4016, 4.6457 1.8577 0.4016, 4.6837 1.842 0.4016, 4.7244 1.8366 0.4016, 4.7244 1.1516 0.4016, 4.6837 1.1462 0.4016, 4.6457 1.1305 0.4016, 4.6131 1.1054 0.4016, 4.588 1.0728 0.4016, 4.5723 1.0349 0.4016, 4.5669 0.9941 0.4016, 4.5723 0.9533 0.4016, 4.588 0.9154 0.4016, 4.6131 0.8827 0.4016, 4.6457 0.8577 0.4016, 4.6837 0.842 0.4016, 4.7244 0.8366 0.4016, 4.7244 0.1516 0.4016, 4.6837 0.1462 0.4016, 4.6457 0.1305 0.4016, 4.6131 0.1054 0.4016, 4.588 0.0728 0.4016, 4.5723 0.0349 0.4016, 4.5669 -0.0059 0.4016, 4.5723 -0.0467 0.4016, 4.588 -0.0846 0.4016, 4.6131 -0.1173 0.4016, 4.6457 -0.1423 0.4016, 4.6837 -0.158 0.4016, 4.7244 -0.1634 0.4016, 4.7244 -0.8484 0.4016, 4.6837 -0.8538 0.4016, 4.6457 -0.8695 0.4016, 4.6131 -0.8946 0.4016, 4.588 -0.9272 0.4016, 4.5723 -0.9651 0.4016, 4.5669 -1.0059 0.4016, 4.5723 -1.0467 0.4016, 4.588 -1.0846 0.4016, 4.6131 -1.1173 0.4016, 4.6457 -1.1423 0.4016, 4.6837 -1.158 0.4016, 4.7244 -1.1634 0.4016, 4.5276 6.2894 0.3976, 4.5276 5.6988 0.3976, 4.5276 6.2894 0.4016, 4.5276 5.6988 0.4016, 4.5276 5.2894 0.3976, 4.5276 4.6988 0.3976, 4.5276 5.2894 0.4016, 4.5276 4.6988 0.4016, 4.5276 4.2894 0.3976, 4.5276 3.6988 0.3976, 4.5276 4.2894 0.4016, 4.5276 3.6988 0.4016, 4.5276 3.2894 0.3976, 4.5276 2.6988 0.3976, 4.5276 3.2894 0.4016, 4.5276 2.6988 0.4016, 4.5276 2.2894 0.3976, 4.5276 1.6988 0.3976, 4.5276 2.2894 0.4016, 4.5276 1.6988 0.4016, 4.5276 1.2894 0.3976, 4.5276 0.6988 0.3976, 4.5276 1.2894 0.4016, 4.5276 0.6988 0.4016, 4.5276 0.2894 0.3976, 4.5276 -0.3012 0.3976, 4.5276 0.2894 0.4016, 4.5276 -0.3012 0.4016, 4.5276 -0.7106 0.3976, 4.5276 -1.3012 0.3976, 4.5276 -0.7106 0.4016, 4.5276 -1.3012 0.4016
            ]
        }
        coordIndex [
            0,1,2,-1,2,1,3,-1,2,3,4,-1,4,3,5,-1,4,5,6,-1,6,5,7,-1,6,7,8,-1,8,7,9,-1,8,9,10,-1,10,9,11,-1,10,11,12,-1,12,11,13,-1,12,13,14,-1,14,13,15,-1,14,15,16,-1,16,15,17,-1,16,17,18,-1,18,17,19,-1,18,19,20,-1,20,19,21,-1,20,21,22,-1,22,21,23,-1,22,23,24,-1,24,23,25,-1,24,25,26,-1,26,25,27,-1,26,27,28,-1,28,27,29,-1,28,29,30,-1,30,29,31,-1,30,31,32,-1,32,31,33,-1,32,33,34,-1,34,33,35,-1,34,35,36,-1,36,35,37,-1,36,37,38,-1,38,37,39,-1,38,39,40,-1,40,39,41,-1,40,41,42,-1,42,41,43,-1,42,43,44,-1,44,43,45,-1,44,45,46,-1,46,45,47,-1,46,47,0,-1,0,47,1,-1,48,49,50,-1,51,49,48,-1,48,52,53,-1,54,52,48,-1,50,54,48,-1,48,55,56,-1,57,55,48,-1,53,57,48,-1,48,58,59,-1,60,58,48,-1,56,60,48,-1,48,61,62,-1,63,61,48,-1,59,63,48,-1,48,64,65,-1,66,64,48,-1,62,66,48,-1,48,67,68,-1,69,67,48,-1,65,69,48,-1,48,70,71,-1,72,70,48,-1,68,72,48,-1,71,51,48,-1,51,73,49,-1,49,73,74,-1,49,74,50,-1,50,74,75,-1,50,75,54,-1,54,75,76,-1,54,76,52,-1,52,76,77,-1,52,77,53,-1,53,77,78,-1,53,78,57,-1,57,78,79,-1,57,79,55,-1,55,79,80,-1,55,80,56,-1,56,80,81,-1,56,81,60,-1,60,81,82,-1,60,82,58,-1,58,82,83,-1,58,83,59,-1,59,83,84,-1,59,84,63,-1,63,84,85,-1,63,85,61,-1,61,85,86,-1,61,86,62,-1,62,86,87,-1,62,87,66,-1,66,87,88,-1,66,88,64,-1,64,88,89,-1,64,89,65,-1,65,89,90,-1,65,90,69,-1,69,90,91,-1,69,91,67,-1,67,91,92,-1,67,92,68,-1,68,92,93,-1,68,93,72,-1,72,93,94,-1,72,94,70,-1,70,94,95,-1,70,95,71,-1,71,95,96,-1,71,96,51,-1,51,96,73,-1,96,97,73,-1,73,97,98,-1,73,98,74,-1,74,98,99,-1,74,99,75,-1,75,99,100,-1,75,100,76,-1,76,100,101,-1,76,101,77,-1,77,101,102,-1,77,102,78,-1,78,102,103,-1,78,103,79,-1,79,103,104,-1,79,104,80,-1,80,104,105,-1,80,105,81,-1,81,105,106,-1,81,106,82,-1,82,106,107,-1,82,107,83,-1,83,107,108,-1,83,108,84,-1,84,108,109,-1,84,109,85,-1,85,109,110,-1,85,110,86,-1,86,110,111,-1,86,111,87,-1,87,111,112,-1,87,112,88,-1,88,112,113,-1,88,113,89,-1,89,113,114,-1,89,114,90,-1,90,114,115,-1,90,115,91,-1,91,115,116,-1,91,116,92,-1,92,116,117,-1,92,117,93,-1,93,117,118,-1,93,118,94,-1,94,118,119,-1,94,119,95,-1,95,119,120,-1,95,120,96,-1,96,120,97,-1,120,121,97,-1,97,121,122,-1,97,122,98,-1,98,122,123,-1,98,123,99,-1,99,123,124,-1,99,124,100,-1,100,124,125,-1,100,125,101,-1,101,125,126,-1,101,126,102,-1,102,126,127,-1,102,127,103,-1,103,127,128,-1,103,128,104,-1,104,128,129,-1,104,129,105,-1,105,129,130,-1,105,130,106,-1,106,130,131,-1,106,131,107,-1,107,131,132,-1,107,132,108,-1,108,132,133,-1,108,133,109,-1,109,133,134,-1,109,134,110,-1,110,134,135,-1,110,135,111,-1,111,135,136,-1,111,136,112,-1,112,136,137,-1,112,137,113,-1,113,137,138,-1,113,138,114,-1,114,138,139,-1,114,139,115,-1,115,139,140,-1,115,140,116,-1,116,140,141,-1,116,141,117,-1,117,141,142,-1,117,142,118,-1,118,142,143,-1,118,143,119,-1,119,143,144,-1,119,144,120,-1,120,144,121,-1,144,145,121,-1,121,145,146,-1,121,146,122,-1,122,146,147,-1,122,147,123,-1,123,147,148,-1,123,148,124,-1,124,148,149,-1,124,149,125,-1,125,149,150,-1,125,150,126,-1,126,150,151,-1,126,151,127,-1,127,151,152,-1,127,152,128,-1,128,152,153,-1,128,153,129,-1,129,153,154,-1,129,154,130,-1,130,154,155,-1,130,155,131,-1,131,155,156,-1,131,156,132,-1,132,156,157,-1,132,157,133,-1,133,157,158,-1,133,158,134,-1,134,158,159,-1,134,159,135,-1,135,159,160,-1,135,160,136,-1,136,160,161,-1,136,161,137,-1,137,161,162,-1,137,162,138,-1,138,162,163,-1,138,163,139,-1,139,163,164,-1,139,164,140,-1,140,164,165,-1,140,165,141,-1,141,165,166,-1,141,166,142,-1,142,166,167,-1,142,167,143,-1,143,167,168,-1,143,168,144,-1,144,168,145,-1,168,21,145,-1,145,21,19,-1,145,19,146,-1,146,19,17,-1,146,17,147,-1,147,17,15,-1,147,15,148,-1,148,15,13,-1,148,13,149,-1,149,13,11,-1,149,11,150,-1,150,11,9,-1,150,9,151,-1,151,9,7,-1,151,7,152,-1,152,7,5,-1,152,5,153,-1,153,5,3,-1,153,3,154,-1,154,3,1,-1,154,1,155,-1,155,1,47,-1,155,47,156,-1,156,47,45,-1,156,45,157,-1,157,45,43,-1,157,43,158,-1,158,43,41,-1,158,41,159,-1,159,41,39,-1,159,39,160,-1,160,39,37,-1,160,37,161,-1,161,37,35,-1,161,35,162,-1,162,35,33,-1,162,33,163,-1,163,33,31,-1,163,31,164,-1,164,31,29,-1,164,29,165,-1,165,29,27,-1,165,27,166,-1,166,27,25,-1,166,25,167,-1,167,25,23,-1,167,23,168,-1,168,23,21,-1,169,170,171,-1,172,173,174,-1,170,175,171,-1,171,175,176,-1,171,176,177,-1,177,176,178,-1,177,178,179,-1,172,174,180,-1,180,174,181,-1,180,181,182,-1,182,183,180,-1,180,183,184,-1,180,184,171,-1,171,184,185,-1,171,185,169,-1,172,180,186,-1,186,180,187,-1,180,171,187,-1,187,171,188,-1,171,177,188,-1,188,177,189,-1,190,191,192,-1,192,191,193,-1,194,195,196,-1,196,195,197,-1,191,198,199,-1,200,201,193,-1,191,199,193,-1,193,199,202,-1,193,202,200,-1,201,203,193,-1,193,203,204,-1,193,204,196,-1,196,204,205,-1,196,205,206,-1,206,207,196,-1,196,207,208,-1,196,208,194,-1,194,208,209,-1,194,209,210,-1,173,210,174,-1,174,210,209,-1,174,209,181,-1,181,209,208,-1,181,208,182,-1,182,208,207,-1,182,207,183,-1,183,207,206,-1,183,206,184,-1,184,206,205,-1,184,205,185,-1,185,205,204,-1,185,204,169,-1,169,204,203,-1,169,203,170,-1,170,203,201,-1,170,201,175,-1,175,201,200,-1,175,200,176,-1,176,200,202,-1,176,202,178,-1,178,202,199,-1,178,199,179,-1,179,199,198,-1,197,192,196,-1,196,192,193,-1,211,212,213,-1,214,215,216,-1,212,217,213,-1,213,217,218,-1,213,218,219,-1,219,218,220,-1,219,220,221,-1,214,216,222,-1,222,216,223,-1,222,223,224,-1,224,225,222,-1,222,225,226,-1,222,226,213,-1,213,226,227,-1,213,227,211,-1,214,222,228,-1,228,222,229,-1,222,213,229,-1,229,213,230,-1,213,219,230,-1,230,219,231,-1,232,233,234,-1,234,233,235,-1,236,237,238,-1,238,237,239,-1,233,240,241,-1,242,243,235,-1,233,241,235,-1,235,241,244,-1,235,244,242,-1,243,245,235,-1,235,245,246,-1,235,246,238,-1,238,246,247,-1,238,247,248,-1,248,249,238,-1,238,249,250,-1,238,250,236,-1,236,250,251,-1,236,251,252,-1,253,254,255,-1,256,257,258,-1,253,255,259,-1,259,255,260,-1,259,260,261,-1,261,262,259,-1,259,262,263,-1,259,263,258,-1,258,263,264,-1,258,264,256,-1,257,265,258,-1,258,265,266,-1,258,266,267,-1,267,266,268,-1,267,268,269,-1,253,259,270,-1,270,259,271,-1,259,258,271,-1,271,258,272,-1,258,267,272,-1,272,267,273,-1,274,275,276,-1,276,275,277,-1,278,279,280,-1,280,279,281,-1,282,283,277,-1,275,284,285,-1,286,287,280,-1,280,287,288,-1,280,288,278,-1,278,288,289,-1,278,289,290,-1,275,285,277,-1,277,285,291,-1,277,291,282,-1,283,292,277,-1,277,292,293,-1,277,293,280,-1,280,293,294,-1,280,294,286,-1,254,290,255,-1,255,290,289,-1,255,289,260,-1,260,289,288,-1,260,288,261,-1,261,288,287,-1,261,287,262,-1,262,287,286,-1,262,286,263,-1,263,286,294,-1,263,294,264,-1,264,294,293,-1,264,293,256,-1,256,293,292,-1,256,292,257,-1,257,292,283,-1,257,283,265,-1,265,283,282,-1,265,282,266,-1,266,282,291,-1,266,291,268,-1,268,291,285,-1,268,285,269,-1,269,285,284,-1,215,252,216,-1,216,252,251,-1,216,251,223,-1,223,251,250,-1,223,250,224,-1,224,250,249,-1,224,249,225,-1,225,249,248,-1,225,248,226,-1,226,248,247,-1,226,247,227,-1,227,247,246,-1,227,246,211,-1,211,246,245,-1,211,245,212,-1,212,245,243,-1,212,243,217,-1,217,243,242,-1,217,242,218,-1,218,242,244,-1,218,244,220,-1,220,244,241,-1,220,241,221,-1,221,241,240,-1,281,276,280,-1,280,276,277,-1,239,234,238,-1,238,234,235,-1,295,296,297,-1,298,299,300,-1,300,299,301,-1,300,301,302,-1,296,295,303,-1,303,295,304,-1,303,304,305,-1,297,306,295,-1,295,306,307,-1,295,307,298,-1,298,307,308,-1,298,308,309,-1,309,310,298,-1,298,310,311,-1,298,311,299,-1,304,295,312,-1,312,295,313,-1,295,298,313,-1,313,298,314,-1,298,300,314,-1,314,300,315,-1,316,317,318,-1,318,317,319,-1,320,321,322,-1,322,321,323,-1,317,324,325,-1,317,325,319,-1,325,326,319,-1,319,326,327,-1,319,327,328,-1,328,329,319,-1,319,329,330,-1,319,330,322,-1,322,330,331,-1,322,331,332,-1,332,333,322,-1,322,333,334,-1,322,334,320,-1,320,334,335,-1,320,335,336,-1,305,336,303,-1,303,336,335,-1,303,335,296,-1,296,335,334,-1,296,334,297,-1,297,334,333,-1,297,333,306,-1,306,333,332,-1,306,332,307,-1,307,332,331,-1,307,331,308,-1,308,331,330,-1,308,330,309,-1,309,330,329,-1,309,329,310,-1,310,329,328,-1,310,328,311,-1,311,328,327,-1,311,327,299,-1,299,327,326,-1,299,326,301,-1,301,326,325,-1,301,325,302,-1,302,325,324,-1,323,318,322,-1,322,318,319,-1,337,338,339,-1,340,341,342,-1,342,341,343,-1,342,343,344,-1,338,337,345,-1,345,337,346,-1,345,346,347,-1,339,348,337,-1,337,348,349,-1,337,349,340,-1,340,349,350,-1,340,350,351,-1,351,352,340,-1,340,352,353,-1,340,353,341,-1,346,337,354,-1,354,337,355,-1,337,340,355,-1,355,340,356,-1,340,342,356,-1,356,342,357,-1,358,359,360,-1,360,359,361,-1,362,363,364,-1,364,363,365,-1,359,366,367,-1,359,367,361,-1,367,368,361,-1,361,368,369,-1,361,369,370,-1,370,371,361,-1,361,371,372,-1,361,372,364,-1,364,372,373,-1,364,373,374,-1,374,375,364,-1,364,375,376,-1,364,376,362,-1,362,376,377,-1,362,377,378,-1,379,380,381,-1,382,383,384,-1,384,385,382,-1,382,385,386,-1,382,386,387,-1,387,386,388,-1,387,388,389,-1,380,379,390,-1,390,379,391,-1,390,391,392,-1,381,393,379,-1,379,393,394,-1,379,394,382,-1,382,394,395,-1,382,395,383,-1,391,379,396,-1,396,379,397,-1,379,382,397,-1,397,382,398,-1,382,387,398,-1,398,387,399,-1,400,401,402,-1,402,401,403,-1,404,405,406,-1,406,405,407,-1,401,408,409,-1,401,409,403,-1,409,410,403,-1,403,410,411,-1,403,411,412,-1,412,413,403,-1,403,413,414,-1,403,414,406,-1,406,414,415,-1,406,415,416,-1,416,417,406,-1,406,417,418,-1,406,418,404,-1,404,418,419,-1,404,419,420,-1,421,422,423,-1,424,425,426,-1,426,425,427,-1,426,427,428,-1,421,423,426,-1,426,423,429,-1,426,429,424,-1,427,430,428,-1,428,430,431,-1,428,431,432,-1,432,433,428,-1,428,433,434,-1,428,434,435,-1,435,434,436,-1,435,436,437,-1,421,426,438,-1,438,426,439,-1,426,428,439,-1,439,428,440,-1,428,435,440,-1,440,435,441,-1,442,443,444,-1,444,443,445,-1,446,447,448,-1,448,447,449,-1,443,450,451,-1,445,452,448,-1,448,452,453,-1,448,453,454,-1,455,456,445,-1,445,456,457,-1,445,457,452,-1,454,458,448,-1,448,458,459,-1,448,459,446,-1,446,459,460,-1,446,460,461,-1,443,451,445,-1,445,451,462,-1,445,462,455,-1,463,464,465,-1,463,465,466,-1,465,467,466,-1,466,467,468,-1,466,468,469,-1,469,470,466,-1,466,470,471,-1,466,471,472,-1,472,471,473,-1,472,473,474,-1,474,475,472,-1,472,475,476,-1,472,476,477,-1,477,476,478,-1,477,478,479,-1,463,466,480,-1,480,466,481,-1,466,472,481,-1,481,472,482,-1,472,477,482,-1,482,477,483,-1,484,485,486,-1,486,485,487,-1,488,489,490,-1,490,489,491,-1,485,492,493,-1,494,495,487,-1,485,493,487,-1,487,493,496,-1,487,496,494,-1,497,498,490,-1,490,498,499,-1,490,499,488,-1,488,499,500,-1,488,500,501,-1,495,502,487,-1,487,502,503,-1,487,503,490,-1,490,503,504,-1,490,504,497,-1,505,506,507,-1,505,507,508,-1,507,509,508,-1,508,509,510,-1,508,510,511,-1,511,512,508,-1,508,512,513,-1,508,513,514,-1,514,513,515,-1,514,515,516,-1,516,517,514,-1,514,517,518,-1,514,518,519,-1,519,518,520,-1,519,520,521,-1,505,508,522,-1,522,508,523,-1,508,514,523,-1,523,514,524,-1,514,519,524,-1,524,519,525,-1,526,527,528,-1,528,527,529,-1,530,531,532,-1,532,531,533,-1,527,534,535,-1,536,537,529,-1,527,535,529,-1,529,535,538,-1,529,538,536,-1,539,540,532,-1,532,540,541,-1,532,541,530,-1,530,541,542,-1,530,542,543,-1,537,544,529,-1,529,544,545,-1,529,545,532,-1,532,545,546,-1,532,546,539,-1,547,548,549,-1,550,551,552,-1,551,550,553,-1,553,550,554,-1,553,554,555,-1,552,556,550,-1,550,556,557,-1,550,557,549,-1,549,557,558,-1,549,558,547,-1,548,559,549,-1,549,559,560,-1,549,560,561,-1,561,560,562,-1,561,562,563,-1,554,550,564,-1,564,550,565,-1,550,549,565,-1,565,549,566,-1,549,561,566,-1,566,561,567,-1,568,569,570,-1,570,569,571,-1,572,573,574,-1,574,573,575,-1,569,576,577,-1,578,579,571,-1,569,577,571,-1,571,577,580,-1,571,580,578,-1,581,582,574,-1,574,582,583,-1,574,583,572,-1,572,583,584,-1,572,584,585,-1,579,586,571,-1,571,586,587,-1,571,587,574,-1,574,587,588,-1,574,588,581,-1,589,590,591,-1,589,591,592,-1,592,591,593,-1,592,593,594,-1,591,595,596,-1,596,595,597,-1,596,597,598,-1,598,599,596,-1,596,599,600,-1,596,600,601,-1,601,600,602,-1,601,602,603,-1,590,604,591,-1,591,604,605,-1,591,605,595,-1,593,591,606,-1,606,591,607,-1,591,596,607,-1,607,596,608,-1,596,601,608,-1,608,601,609,-1,610,611,612,-1,612,611,613,-1,614,615,616,-1,616,615,617,-1,611,618,619,-1,611,619,613,-1,619,620,613,-1,613,620,621,-1,613,621,622,-1,623,624,616,-1,616,624,625,-1,616,625,614,-1,614,625,626,-1,614,626,627,-1,622,628,613,-1,613,628,629,-1,613,629,616,-1,616,629,630,-1,616,630,623,-1,594,627,592,-1,592,627,626,-1,592,626,589,-1,589,626,625,-1,589,625,590,-1,590,625,624,-1,590,624,604,-1,604,624,623,-1,604,623,605,-1,605,623,630,-1,605,630,595,-1,595,630,629,-1,595,629,597,-1,597,629,628,-1,597,628,598,-1,598,628,622,-1,598,622,599,-1,599,622,621,-1,599,621,600,-1,600,621,620,-1,600,620,602,-1,602,620,619,-1,602,619,603,-1,603,619,618,-1,555,585,553,-1,553,585,584,-1,553,584,551,-1,551,584,583,-1,551,583,552,-1,552,583,582,-1,552,582,556,-1,556,582,581,-1,556,581,557,-1,557,581,588,-1,557,588,558,-1,558,588,587,-1,558,587,547,-1,547,587,586,-1,547,586,548,-1,548,586,579,-1,548,579,559,-1,559,579,578,-1,559,578,560,-1,560,578,580,-1,560,580,562,-1,562,580,577,-1,562,577,563,-1,563,577,576,-1,506,543,507,-1,507,543,542,-1,507,542,509,-1,509,542,541,-1,509,541,510,-1,510,541,540,-1,510,540,511,-1,511,540,539,-1,511,539,512,-1,512,539,546,-1,512,546,513,-1,513,546,545,-1,513,545,515,-1,515,545,544,-1,515,544,516,-1,516,544,537,-1,516,537,517,-1,517,537,536,-1,517,536,518,-1,518,536,538,-1,518,538,520,-1,520,538,535,-1,520,535,521,-1,521,535,534,-1,464,501,465,-1,465,501,500,-1,465,500,467,-1,467,500,499,-1,467,499,468,-1,468,499,498,-1,468,498,469,-1,469,498,497,-1,469,497,470,-1,470,497,504,-1,470,504,471,-1,471,504,503,-1,471,503,473,-1,473,503,502,-1,473,502,474,-1,474,502,495,-1,474,495,475,-1,475,495,494,-1,475,494,476,-1,476,494,496,-1,476,496,478,-1,478,496,493,-1,478,493,479,-1,479,493,492,-1,422,461,423,-1,423,461,460,-1,423,460,429,-1,429,460,459,-1,429,459,424,-1,424,459,458,-1,424,458,425,-1,425,458,454,-1,425,454,427,-1,427,454,453,-1,427,453,430,-1,430,453,452,-1,430,452,431,-1,431,452,457,-1,431,457,432,-1,432,457,456,-1,432,456,433,-1,433,456,455,-1,433,455,434,-1,434,455,462,-1,434,462,436,-1,436,462,451,-1,436,451,437,-1,437,451,450,-1,392,420,390,-1,390,420,419,-1,390,419,380,-1,380,419,418,-1,380,418,381,-1,381,418,417,-1,381,417,393,-1,393,417,416,-1,393,416,394,-1,394,416,415,-1,394,415,395,-1,395,415,414,-1,395,414,383,-1,383,414,413,-1,383,413,384,-1,384,413,412,-1,384,412,385,-1,385,412,411,-1,385,411,386,-1,386,411,410,-1,386,410,388,-1,388,410,409,-1,388,409,389,-1,389,409,408,-1,347,378,345,-1,345,378,377,-1,345,377,338,-1,338,377,376,-1,338,376,339,-1,339,376,375,-1,339,375,348,-1,348,375,374,-1,348,374,349,-1,349,374,373,-1,349,373,350,-1,350,373,372,-1,350,372,351,-1,351,372,371,-1,351,371,352,-1,352,371,370,-1,352,370,353,-1,353,370,369,-1,353,369,341,-1,341,369,368,-1,341,368,343,-1,343,368,367,-1,343,367,344,-1,344,367,366,-1,617,612,616,-1,616,612,613,-1,575,570,574,-1,574,570,571,-1,533,528,532,-1,532,528,529,-1,491,486,490,-1,490,486,487,-1,449,444,448,-1,448,444,445,-1,407,402,406,-1,406,402,403,-1,365,360,364,-1,364,360,361,-1,631,632,633,-1,634,635,636,-1,631,633,634,-1,634,633,637,-1,634,637,635,-1,636,638,634,-1,634,638,639,-1,634,639,640,-1,640,639,641,-1,640,641,642,-1,642,643,640,-1,640,643,644,-1,640,644,645,-1,645,644,646,-1,645,646,647,-1,648,631,649,-1,649,631,634,-1,649,634,650,-1,650,634,640,-1,650,640,651,-1,651,640,645,-1,652,653,654,-1,655,656,657,-1,652,654,655,-1,655,654,658,-1,655,658,656,-1,657,659,655,-1,655,659,660,-1,655,660,661,-1,661,660,662,-1,661,662,663,-1,663,664,661,-1,661,664,665,-1,661,665,666,-1,666,665,667,-1,666,667,668,-1,669,652,670,-1,670,652,655,-1,670,655,671,-1,671,655,661,-1,671,661,672,-1,672,661,666,-1,673,674,675,-1,676,677,678,-1,678,679,676,-1,676,679,680,-1,676,680,681,-1,681,680,682,-1,681,682,683,-1,674,673,684,-1,684,673,685,-1,684,685,686,-1,675,687,673,-1,673,687,688,-1,673,688,676,-1,676,688,689,-1,676,689,677,-1,690,685,691,-1,691,685,673,-1,691,673,692,-1,692,673,676,-1,692,676,693,-1,693,676,681,-1,686,694,684,-1,684,694,695,-1,684,695,674,-1,674,695,696,-1,674,696,675,-1,675,696,697,-1,675,697,687,-1,687,697,698,-1,687,698,688,-1,688,698,699,-1,688,699,689,-1,689,699,700,-1,689,700,677,-1,677,700,701,-1,677,701,678,-1,678,701,702,-1,678,702,679,-1,679,702,703,-1,679,703,680,-1,680,703,704,-1,680,704,682,-1,682,704,705,-1,682,705,683,-1,683,705,706,-1,653,707,654,-1,654,707,708,-1,654,708,658,-1,658,708,709,-1,658,709,656,-1,656,709,710,-1,656,710,657,-1,657,710,711,-1,657,711,659,-1,659,711,712,-1,659,712,660,-1,660,712,713,-1,660,713,662,-1,662,713,714,-1,662,714,663,-1,663,714,715,-1,663,715,664,-1,664,715,716,-1,664,716,665,-1,665,716,717,-1,665,717,667,-1,667,717,718,-1,667,718,668,-1,668,718,719,-1,632,720,633,-1,633,720,721,-1,633,721,637,-1,637,721,722,-1,637,722,635,-1,635,722,723,-1,635,723,636,-1,636,723,724,-1,636,724,638,-1,638,724,725,-1,638,725,639,-1,639,725,726,-1,639,726,641,-1,641,726,727,-1,641,727,642,-1,642,727,728,-1,642,728,643,-1,643,728,729,-1,643,729,644,-1,644,729,730,-1,644,730,646,-1,646,730,731,-1,646,731,647,-1,647,731,732,-1,733,734,735,-1,735,734,736,-1,737,738,739,-1,739,738,740,-1,741,742,743,-1,743,742,744,-1,745,746,747,-1,745,747,748,-1,747,749,748,-1,748,749,750,-1,748,750,751,-1,751,752,748,-1,748,752,753,-1,748,753,754,-1,754,753,755,-1,754,755,756,-1,756,757,754,-1,754,757,758,-1,754,758,759,-1,759,758,760,-1,759,760,761,-1,762,745,763,-1,763,745,748,-1,763,748,764,-1,764,748,754,-1,764,754,765,-1,765,754,759,-1,766,767,768,-1,769,770,771,-1,766,768,769,-1,769,768,772,-1,769,772,770,-1,771,773,769,-1,769,773,774,-1,769,774,775,-1,775,774,776,-1,775,776,777,-1,777,778,775,-1,775,778,779,-1,775,779,780,-1,780,779,781,-1,780,781,782,-1,783,766,784,-1,784,766,769,-1,784,769,785,-1,785,769,775,-1,785,775,786,-1,786,775,780,-1,787,788,789,-1,787,789,790,-1,789,791,790,-1,790,791,792,-1,790,792,793,-1,793,794,790,-1,790,794,795,-1,790,795,796,-1,796,795,797,-1,796,797,798,-1,798,799,796,-1,796,799,800,-1,796,800,801,-1,801,800,802,-1,801,802,803,-1,804,787,805,-1,805,787,790,-1,805,790,806,-1,806,790,796,-1,806,796,807,-1,807,796,801,-1,808,809,810,-1,808,810,811,-1,810,812,811,-1,811,812,813,-1,811,813,814,-1,815,816,817,-1,817,816,818,-1,817,818,819,-1,819,818,820,-1,819,820,821,-1,814,822,811,-1,811,822,823,-1,811,823,817,-1,817,823,824,-1,817,824,815,-1,825,808,826,-1,826,808,811,-1,826,811,827,-1,827,811,817,-1,827,817,828,-1,828,817,819,-1,829,830,831,-1,829,831,832,-1,832,831,833,-1,832,833,834,-1,835,836,837,-1,837,838,835,-1,835,838,839,-1,835,839,840,-1,840,839,841,-1,840,841,842,-1,834,843,832,-1,832,843,844,-1,832,844,835,-1,835,844,845,-1,835,845,836,-1,846,829,847,-1,847,829,832,-1,847,832,848,-1,848,832,835,-1,848,835,849,-1,849,835,840,-1,850,851,852,-1,853,854,855,-1,850,852,855,-1,855,852,856,-1,855,856,853,-1,854,857,855,-1,855,857,858,-1,855,858,859,-1,859,858,860,-1,859,860,861,-1,861,862,859,-1,859,862,863,-1,859,863,864,-1,864,863,865,-1,864,865,866,-1,867,850,868,-1,868,850,855,-1,868,855,869,-1,869,855,859,-1,869,859,870,-1,870,859,864,-1,871,872,873,-1,874,875,876,-1,871,873,876,-1,876,873,877,-1,876,877,874,-1,875,878,876,-1,876,878,879,-1,876,879,880,-1,880,879,881,-1,880,881,882,-1,882,883,880,-1,880,883,884,-1,880,884,885,-1,885,884,886,-1,885,886,887,-1,888,871,889,-1,889,871,876,-1,889,876,890,-1,890,876,880,-1,890,880,891,-1,891,880,885,-1,892,893,894,-1,895,896,897,-1,896,895,898,-1,898,895,899,-1,898,899,900,-1,893,901,894,-1,894,901,902,-1,894,902,903,-1,903,902,904,-1,903,904,905,-1,897,906,895,-1,895,906,907,-1,895,907,894,-1,894,907,908,-1,894,908,892,-1,909,899,910,-1,910,899,895,-1,910,895,911,-1,911,895,894,-1,911,894,912,-1,912,894,903,-1,900,913,898,-1,898,913,914,-1,898,914,896,-1,896,914,915,-1,896,915,897,-1,897,915,916,-1,897,916,906,-1,906,916,917,-1,906,917,907,-1,907,917,918,-1,907,918,908,-1,908,918,919,-1,908,919,892,-1,892,919,920,-1,892,920,893,-1,893,920,921,-1,893,921,901,-1,901,921,922,-1,901,922,902,-1,902,922,923,-1,902,923,904,-1,904,923,924,-1,904,924,905,-1,905,924,925,-1,872,926,873,-1,873,926,927,-1,873,927,877,-1,877,927,928,-1,877,928,874,-1,874,928,929,-1,874,929,875,-1,875,929,930,-1,875,930,878,-1,878,930,931,-1,878,931,879,-1,879,931,932,-1,879,932,881,-1,881,932,933,-1,881,933,882,-1,882,933,934,-1,882,934,883,-1,883,934,935,-1,883,935,884,-1,884,935,936,-1,884,936,886,-1,886,936,937,-1,886,937,887,-1,887,937,938,-1,851,939,852,-1,852,939,940,-1,852,940,856,-1,856,940,941,-1,856,941,853,-1,853,941,942,-1,853,942,854,-1,854,942,943,-1,854,943,857,-1,857,943,944,-1,857,944,858,-1,858,944,945,-1,858,945,860,-1,860,945,946,-1,860,946,861,-1,861,946,947,-1,861,947,862,-1,862,947,948,-1,862,948,863,-1,863,948,949,-1,863,949,865,-1,865,949,950,-1,865,950,866,-1,866,950,951,-1,830,952,831,-1,831,952,953,-1,831,953,833,-1,833,953,954,-1,833,954,834,-1,834,954,955,-1,834,955,843,-1,843,955,956,-1,843,956,844,-1,844,956,957,-1,844,957,845,-1,845,957,958,-1,845,958,836,-1,836,958,959,-1,836,959,837,-1,837,959,960,-1,837,960,838,-1,838,960,961,-1,838,961,839,-1,839,961,962,-1,839,962,841,-1,841,962,963,-1,841,963,842,-1,842,963,964,-1,809,965,810,-1,810,965,966,-1,810,966,812,-1,812,966,967,-1,812,967,813,-1,813,967,968,-1,813,968,814,-1,814,968,969,-1,814,969,822,-1,822,969,970,-1,822,970,823,-1,823,970,971,-1,823,971,824,-1,824,971,972,-1,824,972,815,-1,815,972,973,-1,815,973,816,-1,816,973,974,-1,816,974,818,-1,818,974,975,-1,818,975,820,-1,820,975,976,-1,820,976,821,-1,821,976,977,-1,788,978,789,-1,789,978,979,-1,789,979,791,-1,791,979,980,-1,791,980,792,-1,792,980,981,-1,792,981,793,-1,793,981,982,-1,793,982,794,-1,794,982,983,-1,794,983,795,-1,795,983,984,-1,795,984,797,-1,797,984,985,-1,797,985,798,-1,798,985,986,-1,798,986,799,-1,799,986,987,-1,799,987,800,-1,800,987,988,-1,800,988,802,-1,802,988,989,-1,802,989,803,-1,803,989,990,-1,767,991,768,-1,768,991,992,-1,768,992,772,-1,772,992,993,-1,772,993,770,-1,770,993,994,-1,770,994,771,-1,771,994,995,-1,771,995,773,-1,773,995,996,-1,773,996,774,-1,774,996,997,-1,774,997,776,-1,776,997,998,-1,776,998,777,-1,777,998,999,-1,777,999,778,-1,778,999,1000,-1,778,1000,779,-1,779,1000,1001,-1,779,1001,781,-1,781,1001,1002,-1,781,1002,782,-1,782,1002,1003,-1,746,1004,747,-1,747,1004,1005,-1,747,1005,749,-1,749,1005,1006,-1,749,1006,750,-1,750,1006,1007,-1,750,1007,751,-1,751,1007,1008,-1,751,1008,752,-1,752,1008,1009,-1,752,1009,753,-1,753,1009,1010,-1,753,1010,755,-1,755,1010,1011,-1,755,1011,756,-1,756,1011,1012,-1,756,1012,757,-1,757,1012,1013,-1,757,1013,758,-1,758,1013,1014,-1,758,1014,760,-1,760,1014,1015,-1,760,1015,761,-1,761,1015,1016,-1,1017,1018,1019,-1,1019,1018,1020,-1,1021,1022,1023,-1,1023,1022,1024,-1,1025,1026,1027,-1,1027,1026,1028,-1,1029,1030,1031,-1,1031,1030,1032,-1,1033,1034,1035,-1,1035,1034,1036,-1,1037,1038,1039,-1,1039,1038,1040,-1,1041,1042,1043,-1,1043,1042,1044,-1,1045,1046,1047,-1,1047,1046,1048,-1,
        ]
    }
}
Shape{
    appearance Appearance {
        material  Material 	{
            diffuseColor 0.0 0.0 0.0
            specularColor 0.0 0.0 0.0
            ambientIntensity 0.0
            transparency 0.0
            shininess 0.5
        }
    }
    geometry IndexedFaceSet {
        ccw TRUE
        solid FALSE
        coord DEF co Coordinate {
            point [
                2.8752 -7.0004 1.5315, 2.8752 -7.0187 1.5315, 2.8752 -7.0004 1.5276, 2.8752 -7.0187 1.5276, 2.8114 -7.0004 1.5315, 2.8114 -7.0004 1.5276, 2.8114 -6.8586 1.5315, 2.8114 -6.8586 1.5276, 2.7907 -6.8586 1.5315, 2.7907 -6.8586 1.5276, 2.7907 -7.0187 1.5315, 2.7907 -7.0187 1.5276, 3.0016 -7.0121 1.5276, 3.0016 -7.0121 1.5315, 2.9832 -7.0187 1.5315, 2.9573 -7.0214 1.5315, 2.9573 -7.0214 1.5276, 2.9704 -7.02 1.5276, 2.9832 -7.0187 1.5276, 3.0016 -6.9923 1.5315, 3.0016 -6.9923 1.5276, 2.9853 -6.9995 1.5276, 2.9853 -6.9995 1.5315, 2.967 -7.0028 1.5276, 2.967 -7.0028 1.5315, 2.9603 -7.003 1.5276, 2.9603 -7.003 1.5315, 2.9454 -7.0013 1.5276, 2.9454 -7.0013 1.5315, 2.9338 -6.9971 1.5276, 2.9338 -6.9971 1.5315, 2.9231 -6.9899 1.5276, 2.9231 -6.9899 1.5315, 2.9192 -6.9861 1.5276, 2.9192 -6.9861 1.5315, 2.911 -6.9746 1.5276, 2.911 -6.9746 1.5315, 2.906 -6.9616 1.5276, 2.906 -6.9616 1.5315, 2.9035 -6.9419 1.5276, 2.9035 -6.9419 1.5315, 2.9034 -6.9404 1.5276, 2.9034 -6.9404 1.5315, 2.9061 -6.9185 1.5276, 2.9061 -6.9185 1.5315, 2.9114 -6.9046 1.5276, 2.9114 -6.9046 1.5315, 2.9192 -6.8935 1.5276, 2.9192 -6.8935 1.5315, 2.9203 -6.8923 1.5276, 2.9203 -6.8923 1.5315, 2.9305 -6.8837 1.5276, 2.9305 -6.8837 1.5315, 2.943 -6.8777 1.5276, 2.943 -6.8777 1.5315, 2.9568 -6.8748 1.5276, 2.9568 -6.8748 1.5315, 2.9639 -6.8745 1.5276, 2.9639 -6.8745 1.5315, 2.9847 -6.8771 1.5276, 2.9847 -6.8771 1.5315, 3.0016 -6.884 1.5276, 3.0016 -6.884 1.5315, 3.0016 -6.8624 1.5315, 3.0016 -6.8624 1.5276, 2.9637 -6.8559 1.5276, 2.9637 -6.8559 1.5315, 2.9652 -6.8559 1.5315, 2.9859 -6.8577 1.5276, 2.9859 -6.8577 1.5315, 2.9801 -6.8572 1.5276, 2.9652 -6.8559 1.5276, 2.9413 -6.8585 1.5315, 2.9522 -6.8572 1.5276, 2.9413 -6.8585 1.5276, 2.9244 -6.8648 1.5276, 2.9244 -6.8648 1.5315, 2.9089 -6.8756 1.5276, 2.9089 -6.8756 1.5315, 2.9049 -6.8794 1.5276, 2.9049 -6.8794 1.5315, 2.8928 -6.8954 1.5276, 2.8889 -6.9048 1.5276, 2.8854 -6.9133 1.5315, 2.8928 -6.8954 1.5315, 2.8854 -6.9133 1.5276, 2.882 -6.9345 1.5276, 2.882 -6.9345 1.5315, 2.8817 -6.9417 1.5276, 2.8817 -6.9417 1.5315, 2.8844 -6.9657 1.5276, 2.8889 -6.9782 1.5276, 2.8906 -6.9828 1.5315, 2.8844 -6.9657 1.5315, 2.8906 -6.9828 1.5276, 2.8998 -6.9968 1.5276, 2.8998 -6.9968 1.5315, 2.9023 -6.9995 1.5276, 2.9023 -6.9995 1.5315, 2.9294 -7.0171 1.5276, 2.9144 -7.0098 1.5315, 2.9144 -7.0098 1.5276, 2.943 -7.02 1.5276, 2.9466 -7.0208 1.5315, 2.9294 -7.0171 1.5315, 2.9466 -7.0208 1.5276, 3.1198 -7.0004 1.5315, 3.1198 -7.0187 1.5315, 3.1198 -7.0004 1.5276, 3.1198 -7.0187 1.5276, 3.0544 -7.0004 1.5276, 3.0544 -7.0004 1.5315, 3.0976 -7.0004 1.5276, 3.0544 -6.9466 1.5315, 3.0544 -6.9466 1.5276, 3.1116 -6.9466 1.5276, 3.1116 -6.9466 1.5315, 3.0976 -6.9466 1.5276, 3.1116 -6.9282 1.5315, 3.1116 -6.9282 1.5276, 3.0544 -6.9282 1.5276, 3.0544 -6.9282 1.5315, 3.0976 -6.9282 1.5276, 3.0544 -6.877 1.5315, 3.0544 -6.877 1.5276, 3.1162 -6.877 1.5276, 3.1162 -6.877 1.5315, 3.0976 -6.877 1.5276, 3.1162 -6.8586 1.5315, 3.1162 -6.8586 1.5276, 3.0337 -6.8586 1.5276, 3.0337 -6.8586 1.5315, 3.0976 -6.8586 1.5276, 3.0337 -7.0187 1.5315, 3.0337 -7.0187 1.5276, 3.0976 -7.0187 1.5276, 3.2397 -6.9855 1.5315, 3.2532 -6.999 1.5315, 3.2416 -6.9837 1.5315, 3.2563 -6.9963 1.5315, 3.25 -6.9732 1.5315, 3.2677 -6.9829 1.5315, 3.2553 -6.9612 1.5315, 3.2758 -6.9665 1.5315, 3.2583 -6.9463 1.5315, 3.2799 -6.9479 1.5315, 3.2587 -6.9372 1.5315, 3.2805 -6.9366 1.5315, 3.2568 -6.9188 1.5315, 3.2778 -6.9147 1.5315, 3.2525 -6.9066 1.5315, 3.2719 -6.8994 1.5315, 3.2465 -6.8974 1.5315, 3.2621 -6.8854 1.5315, 3.2412 -6.892 1.5315, 3.2563 -6.8798 1.5315, 3.2288 -6.884 1.5315, 3.2392 -6.8681 1.5315, 3.2148 -6.8791 1.5315, 3.2198 -6.8612 1.5315, 3.1949 -6.877 1.5315, 3.1958 -6.8586 1.5315, 3.1707 -6.877 1.5315, 3.1501 -6.8586 1.5315, 3.1707 -7.0004 1.5315, 3.1501 -7.0187 1.5315, 3.194 -7.0004 1.5315, 3.1941 -7.0187 1.5315, 3.2161 -6.9978 1.5315, 3.2187 -7.016 1.5315, 3.2294 -6.9927 1.5315, 3.2374 -7.0094 1.5315, 3.1941 -7.0187 1.5276, 3.1501 -7.0187 1.5276, 3.2187 -7.016 1.5276, 3.2234 -7.0143 1.5276, 3.2374 -7.0094 1.5276, 3.2532 -6.999 1.5276, 3.2563 -6.9963 1.5276, 3.2677 -6.9829 1.5276, 3.2758 -6.9665 1.5276, 3.2799 -6.9479 1.5276, 3.2805 -6.9366 1.5276, 3.2778 -6.9147 1.5276, 3.2719 -6.8994 1.5276, 3.2621 -6.8854 1.5276, 3.2563 -6.8798 1.5276, 3.2392 -6.8681 1.5276, 3.2234 -6.8625 1.5276, 3.2198 -6.8612 1.5276, 3.1958 -6.8586 1.5276, 3.1501 -6.8586 1.5276, 3.1949 -6.877 1.5276, 3.1707 -6.877 1.5276, 3.1707 -7.0004 1.5276, 3.194 -7.0004 1.5276, 3.2416 -6.9837 1.5276, 3.2397 -6.9855 1.5276, 3.2294 -6.9927 1.5276, 3.2161 -6.9978 1.5276, 3.2587 -6.9372 1.5276, 3.2583 -6.9463 1.5276, 3.2553 -6.9612 1.5276, 3.25 -6.9732 1.5276, 3.2412 -6.892 1.5276, 3.2465 -6.8974 1.5276, 3.2525 -6.9066 1.5276, 3.2568 -6.9188 1.5276, 3.2148 -6.8791 1.5276, 3.2288 -6.884 1.5276
            ]
        }
        coordIndex [
            0,1,2,-1,2,1,3,-1,4,0,5,-1,5,0,2,-1,6,4,7,-1,7,4,5,-1,8,6,9,-1,9,6,7,-1,10,8,11,-1,11,8,9,-1,1,10,3,-1,3,10,11,-1,6,8,4,-1,4,8,10,-1,4,10,0,-1,0,10,1,-1,12,13,14,-1,15,16,17,-1,15,17,14,-1,14,17,18,-1,14,18,12,-1,19,13,20,-1,20,13,12,-1,19,20,21,-1,19,21,22,-1,22,21,23,-1,22,23,24,-1,24,23,25,-1,24,25,26,-1,26,25,27,-1,26,27,28,-1,28,27,29,-1,28,29,30,-1,30,29,31,-1,30,31,32,-1,32,31,33,-1,32,33,34,-1,34,33,35,-1,34,35,36,-1,36,35,37,-1,36,37,38,-1,38,37,39,-1,38,39,40,-1,40,39,41,-1,40,41,42,-1,42,41,43,-1,42,43,44,-1,44,43,45,-1,44,45,46,-1,46,45,47,-1,46,47,48,-1,48,47,49,-1,48,49,50,-1,50,49,51,-1,50,51,52,-1,52,51,53,-1,52,53,54,-1,54,53,55,-1,54,55,56,-1,56,55,57,-1,56,57,58,-1,58,57,59,-1,58,59,60,-1,60,59,61,-1,60,61,62,-1,63,62,64,-1,64,62,61,-1,65,66,67,-1,63,64,68,-1,63,68,69,-1,69,68,70,-1,69,70,67,-1,67,70,71,-1,67,71,65,-1,66,65,72,-1,72,65,73,-1,73,74,72,-1,72,74,75,-1,72,75,76,-1,76,75,77,-1,76,77,78,-1,78,77,79,-1,78,79,80,-1,80,79,81,-1,82,83,81,-1,81,83,84,-1,81,84,80,-1,82,85,83,-1,83,85,86,-1,83,86,87,-1,87,86,88,-1,87,88,89,-1,89,88,90,-1,91,92,90,-1,90,92,93,-1,90,93,89,-1,91,94,92,-1,92,94,95,-1,92,95,96,-1,96,95,97,-1,96,97,98,-1,99,100,101,-1,101,100,98,-1,101,98,97,-1,102,103,99,-1,99,103,104,-1,99,104,100,-1,102,105,103,-1,103,105,16,-1,103,16,15,-1,36,38,93,-1,93,38,89,-1,80,50,78,-1,78,50,52,-1,38,40,89,-1,89,40,42,-1,89,42,87,-1,87,42,44,-1,87,44,83,-1,83,44,84,-1,84,44,46,-1,84,46,80,-1,80,46,48,-1,80,48,50,-1,62,63,60,-1,60,63,69,-1,60,69,58,-1,58,69,67,-1,58,67,56,-1,56,67,66,-1,56,66,54,-1,54,66,72,-1,54,72,52,-1,52,72,76,-1,52,76,78,-1,13,19,14,-1,14,19,22,-1,14,22,15,-1,93,92,36,-1,36,92,96,-1,36,96,34,-1,34,96,98,-1,34,98,32,-1,32,98,100,-1,32,100,30,-1,30,100,104,-1,30,104,28,-1,28,104,103,-1,28,103,26,-1,26,103,15,-1,26,15,24,-1,24,15,22,-1,106,107,108,-1,108,107,109,-1,110,111,112,-1,112,111,106,-1,112,106,108,-1,113,111,114,-1,114,111,110,-1,115,116,117,-1,117,116,113,-1,117,113,114,-1,118,116,119,-1,119,116,115,-1,120,121,122,-1,122,121,118,-1,122,118,119,-1,123,121,124,-1,124,121,120,-1,125,126,127,-1,127,126,123,-1,127,123,124,-1,128,126,129,-1,129,126,125,-1,130,131,132,-1,132,131,128,-1,132,128,129,-1,133,131,134,-1,134,131,130,-1,109,107,135,-1,135,107,133,-1,135,133,134,-1,133,107,106,-1,106,111,133,-1,133,111,113,-1,133,113,131,-1,126,128,123,-1,123,128,131,-1,123,131,121,-1,121,131,113,-1,121,113,118,-1,118,113,116,-1,136,137,138,-1,138,137,139,-1,138,139,140,-1,140,139,141,-1,140,141,142,-1,142,141,143,-1,142,143,144,-1,144,143,145,-1,144,145,146,-1,146,145,147,-1,146,147,148,-1,148,147,149,-1,148,149,150,-1,150,149,151,-1,150,151,152,-1,152,151,153,-1,152,153,154,-1,154,153,155,-1,154,155,156,-1,156,155,157,-1,156,157,158,-1,158,157,159,-1,158,159,160,-1,160,159,161,-1,160,161,162,-1,162,161,163,-1,162,163,164,-1,164,163,165,-1,164,165,166,-1,166,165,167,-1,166,167,168,-1,168,167,169,-1,168,169,170,-1,170,169,171,-1,170,171,136,-1,136,171,137,-1,167,165,172,-1,172,165,173,-1,167,172,174,-1,167,174,169,-1,169,174,175,-1,169,175,171,-1,175,176,171,-1,171,176,177,-1,171,177,137,-1,137,177,178,-1,137,178,139,-1,139,178,179,-1,139,179,141,-1,141,179,180,-1,141,180,143,-1,143,180,181,-1,143,181,145,-1,145,181,182,-1,145,182,147,-1,147,182,183,-1,147,183,149,-1,149,183,184,-1,149,184,151,-1,151,184,185,-1,151,185,153,-1,153,185,186,-1,153,186,155,-1,155,186,187,-1,188,159,187,-1,187,159,157,-1,187,157,155,-1,188,189,159,-1,159,189,190,-1,159,190,161,-1,163,161,191,-1,191,161,190,-1,165,163,173,-1,173,163,191,-1,160,162,192,-1,192,162,193,-1,162,164,193,-1,193,164,194,-1,164,166,194,-1,194,166,195,-1,138,196,197,-1,138,197,136,-1,136,197,198,-1,136,198,170,-1,170,198,199,-1,170,199,168,-1,168,199,195,-1,168,195,166,-1,146,200,201,-1,146,201,144,-1,144,201,202,-1,144,202,142,-1,142,202,203,-1,142,203,140,-1,140,203,196,-1,140,196,138,-1,154,204,205,-1,154,205,152,-1,152,205,206,-1,152,206,150,-1,150,206,207,-1,150,207,148,-1,148,207,200,-1,148,200,146,-1,160,192,208,-1,160,208,158,-1,158,208,209,-1,158,209,156,-1,156,209,204,-1,156,204,154,-1,
        ]
    }
}
Shape{
    appearance Appearance {
        material  Material 	{
            diffuseColor 1.0 1.0 1.0
            specularColor 0.5019607843137255 0.5019607843137255 0.5019607843137255
            ambientIntensity 1.0
            transparency 0.0
            shininess 0.5
        }
    }
    geometry IndexedFaceSet {
        ccw TRUE
        solid FALSE
        coord DEF co Coordinate {
            point [
                3.1707 -6.877 1.5276, 3.1707 -7.0004 1.5276, 3.1949 -6.877 1.5276, 3.194 -7.0004 1.5276, 3.2161 -6.9978 1.5276, 3.2294 -6.9927 1.5276, 3.2397 -6.9855 1.5276, 3.2416 -6.9837 1.5276, 3.25 -6.9732 1.5276, 3.2553 -6.9612 1.5276, 3.2583 -6.9463 1.5276, 3.2587 -6.9372 1.5276, 3.2568 -6.9188 1.5276, 3.2525 -6.9066 1.5276, 3.2465 -6.8974 1.5276, 3.2412 -6.892 1.5276, 3.2148 -6.8791 1.5276, 3.2288 -6.884 1.5276
            ]
        }
        coordIndex [
            0,1,2,-1,2,1,3,-1,2,3,4,-1,4,5,2,-1,2,5,6,-1,2,6,7,-1,7,8,2,-1,2,8,9,-1,2,9,10,-1,10,11,2,-1,2,11,12,-1,2,12,13,-1,13,14,2,-1,2,14,15,-1,2,15,16,-1,16,15,17,-1,
        ]
    }
}
Shape{
    appearance Appearance {
        material  Material 	{
            diffuseColor 0.0 0.0 0.0
            specularColor 0.0 0.0 0.0
            ambientIntensity 0.0
            transparency 0.0
            shininess 0.5
        }
    }
    geometry IndexedFaceSet {
        ccw TRUE
        solid FALSE
        coord DEF co Coordinate {
            point [
                3.3341 -6.9568 1.5315, 3.3276 -6.9749 1.5315, 3.3879 -6.9568 1.5315, 3.3943 -6.9749 1.5315, 3.3581 -6.8902 1.5315, 3.3503 -6.8586 1.5315, 3.2893 -7.0187 1.5315, 3.3122 -7.0187 1.5315, 3.3595 -6.8855 1.5315, 3.3607 -6.879 1.5315, 3.3724 -6.8586 1.5315, 3.3612 -6.879 1.5315, 3.3625 -6.8858 1.5315, 3.3637 -6.8902 1.5315, 3.4334 -7.0187 1.5315, 3.4106 -7.0187 1.5315, 3.3724 -6.8586 1.5276, 3.4334 -7.0187 1.5276, 3.3503 -6.8586 1.5276, 3.2893 -7.0187 1.5276, 3.3355 -6.8975 1.5276, 3.3122 -7.0187 1.5276, 3.3276 -6.9749 1.5276, 3.3943 -6.9749 1.5276, 3.3355 -6.9749 1.5276, 3.4106 -7.0187 1.5276, 3.3341 -6.9568 1.5276, 3.3879 -6.9568 1.5276, 3.3637 -6.8902 1.5276, 3.3612 -6.879 1.5276, 3.3625 -6.8858 1.5276, 3.3607 -6.879 1.5276, 3.3581 -6.8902 1.5276, 3.3595 -6.8855 1.5276
            ]
        }
        coordIndex [
            0,1,2,-1,2,1,3,-1,4,5,0,-1,0,5,6,-1,0,6,1,-1,1,6,7,-1,4,8,5,-1,5,8,9,-1,5,9,10,-1,10,9,11,-1,10,11,12,-1,12,13,10,-1,10,13,2,-1,10,2,14,-1,14,2,3,-1,14,3,15,-1,10,14,16,-1,16,14,17,-1,5,10,18,-1,18,10,16,-1,19,6,20,-1,20,6,5,-1,20,5,18,-1,7,6,21,-1,21,6,19,-1,1,7,22,-1,22,7,21,-1,23,3,24,-1,24,3,1,-1,24,1,22,-1,15,3,25,-1,25,3,23,-1,14,15,17,-1,17,15,25,-1,0,2,26,-1,26,2,27,-1,2,13,27,-1,27,13,28,-1,11,29,30,-1,11,30,12,-1,12,30,28,-1,12,28,13,-1,11,9,29,-1,29,9,31,-1,4,32,33,-1,4,33,8,-1,8,33,31,-1,8,31,9,-1,4,0,32,-1,32,0,26,-1,
        ]
    }
}
Shape{
    appearance Appearance {
        material  Material 	{
            diffuseColor 1.0 1.0 1.0
            specularColor 0.5019607843137255 0.5019607843137255 0.5019607843137255
            ambientIntensity 1.0
            transparency 0.0
            shininess 0.5
        }
    }
    geometry IndexedFaceSet {
        ccw TRUE
        solid FALSE
        coord DEF co Coordinate {
            point [
                3.3612 -6.879 1.5276, 3.3607 -6.879 1.5276, 3.3625 -6.8858 1.5276, 3.3595 -6.8855 1.5276, 3.3637 -6.8902 1.5276, 3.3581 -6.8902 1.5276, 3.3879 -6.9568 1.5276, 3.3341 -6.9568 1.5276
            ]
        }
        coordIndex [
            0,1,2,-1,2,1,3,-1,2,3,4,-1,4,3,5,-1,4,5,6,-1,6,5,7,-1,
        ]
    }
}
Shape{
    appearance Appearance {
        material  Material 	{
            diffuseColor 0.0 0.0 0.0
            specularColor 0.0 0.0 0.0
            ambientIntensity 0.0
            transparency 0.0
            shininess 0.5
        }
    }
    geometry IndexedFaceSet {
        ccw TRUE
        solid FALSE
        coord DEF co Coordinate {
            point [
                2.8769 -7.2545 1.5315, 2.8769 -7.2727 1.5315, 2.8769 -7.2545 1.5276, 2.8769 -7.2727 1.5276, 2.8114 -7.2545 1.5315, 2.8114 -7.2545 1.5276, 2.8114 -7.2006 1.5315, 2.8114 -7.2006 1.5276, 2.8687 -7.2006 1.5315, 2.8687 -7.2006 1.5276, 2.8687 -7.1823 1.5315, 2.8687 -7.1823 1.5276, 2.8114 -7.1823 1.5315, 2.8114 -7.1823 1.5276, 2.8114 -7.131 1.5315, 2.8114 -7.131 1.5276, 2.8732 -7.131 1.5315, 2.8732 -7.131 1.5276, 2.8732 -7.1126 1.5315, 2.8732 -7.1126 1.5276, 2.7907 -7.1126 1.5315, 2.7907 -7.1126 1.5276, 2.7907 -7.2727 1.5315, 2.7907 -7.2727 1.5276, 2.9679 -7.2727 1.5315, 2.988 -7.2727 1.5315, 2.9679 -7.2551 1.5315, 2.988 -7.1991 1.5315, 2.9679 -7.2 1.5315, 2.925 -7.2236 1.5315, 2.9302 -7.2214 1.5315, 2.9411 -7.219 1.5315, 2.9679 -7.2153 1.5315, 2.9679 -7.2263 1.5315, 2.9674 -7.2551 1.5315, 2.9568 -7.2521 1.5315, 2.9643 -7.2598 1.5315, 2.9511 -7.2559 1.5315, 2.9679 -7.2277 1.5315, 2.9666 -7.2366 1.5315, 2.9637 -7.2438 1.5315, 2.9593 -7.2497 1.5315, 2.9672 -7.1912 1.5315, 2.9864 -7.184 1.5315, 2.9651 -7.184 1.5315, 2.9833 -7.1749 1.5315, 2.9628 -7.1799 1.5315, 2.9792 -7.1684 1.5315, 2.9598 -7.1767 1.5315, 2.9739 -7.1632 1.5315, 2.9562 -7.1744 1.5315, 2.9672 -7.1594 1.5315, 2.9515 -7.1728 1.5315, 2.9588 -7.1569 1.5315, 2.9447 -7.172 1.5315, 2.9466 -7.1557 1.5315, 2.9326 -7.1733 1.5315, 2.9257 -7.1584 1.5315, 2.9201 -7.1777 1.5315, 2.9109 -7.1642 1.5315, 2.9072 -7.1859 1.5315, 2.9072 -7.1664 1.5315, 2.9205 -7.2521 1.5315, 2.9059 -7.2664 1.5315, 2.9222 -7.2538 1.5315, 2.9127 -7.2711 1.5315, 2.9262 -7.2566 1.5315, 2.9203 -7.274 1.5315, 2.9308 -7.2582 1.5315, 2.9323 -7.2754 1.5315, 2.9375 -7.259 1.5315, 2.9427 -7.2743 1.5315, 2.945 -7.2581 1.5315, 2.9508 -7.2714 1.5315, 2.9579 -7.2666 1.5315, 2.9166 -7.2373 1.5315, 2.8961 -7.2395 1.5315, 2.9164 -7.2405 1.5315, 2.8961 -7.2421 1.5315, 2.9169 -7.2451 1.5315, 2.8971 -7.2512 1.5315, 2.9182 -7.2487 1.5315, 2.8995 -7.258 1.5315, 2.9037 -7.2642 1.5315, 2.934 -7.2048 1.5315, 2.9191 -7.2084 1.5315, 2.9217 -7.226 1.5315, 2.9105 -7.2128 1.5315, 2.9193 -7.229 1.5315, 2.9043 -7.2181 1.5315, 2.9176 -7.2327 1.5315, 2.9002 -7.2238 1.5315, 2.8975 -7.2309 1.5315, 2.9466 -7.1557 1.5276, 2.9257 -7.1584 1.5276, 2.9109 -7.1642 1.5276, 2.9072 -7.1664 1.5276, 2.9072 -7.1859 1.5276, 2.9201 -7.1777 1.5276, 2.9326 -7.1733 1.5276, 2.9447 -7.172 1.5276, 2.9515 -7.1728 1.5276, 2.9562 -7.1744 1.5276, 2.9598 -7.1767 1.5276, 2.9628 -7.1799 1.5276, 2.9651 -7.184 1.5276, 2.9672 -7.1912 1.5276, 2.9679 -7.2 1.5276, 2.934 -7.2048 1.5276, 2.9191 -7.2084 1.5276, 2.9105 -7.2128 1.5276, 2.9043 -7.2181 1.5276, 2.9002 -7.2238 1.5276, 2.8975 -7.2309 1.5276, 2.8961 -7.2395 1.5276, 2.8961 -7.2421 1.5276, 2.8971 -7.2512 1.5276, 2.8995 -7.258 1.5276, 2.9037 -7.2642 1.5276, 2.9059 -7.2664 1.5276, 2.9323 -7.2754 1.5276, 2.9207 -7.2741 1.5276, 2.9203 -7.274 1.5276, 2.9127 -7.2711 1.5276, 2.9427 -7.2743 1.5276, 2.9433 -7.2741 1.5276, 2.9508 -7.2714 1.5276, 2.9579 -7.2666 1.5276, 2.9643 -7.2598 1.5276, 2.9674 -7.2551 1.5276, 2.9679 -7.2551 1.5276, 2.9679 -7.2727 1.5276, 2.988 -7.2727 1.5276, 2.988 -7.1991 1.5276, 2.9864 -7.184 1.5276, 2.9833 -7.1749 1.5276, 2.9792 -7.1684 1.5276, 2.9739 -7.1632 1.5276, 2.9672 -7.1594 1.5276, 2.9588 -7.1569 1.5276, 2.9217 -7.226 1.5276, 2.925 -7.2236 1.5276, 2.9302 -7.2214 1.5276, 2.9411 -7.219 1.5276, 2.9164 -7.2405 1.5276, 2.9166 -7.2373 1.5276, 2.9176 -7.2327 1.5276, 2.9193 -7.229 1.5276, 2.9222 -7.2538 1.5276, 2.9205 -7.2521 1.5276, 2.9182 -7.2487 1.5276, 2.9169 -7.2451 1.5276, 2.9375 -7.259 1.5276, 2.9308 -7.2582 1.5276, 2.9262 -7.2566 1.5276, 2.9593 -7.2497 1.5276, 2.9568 -7.2521 1.5276, 2.9511 -7.2559 1.5276, 2.945 -7.2581 1.5276, 2.9679 -7.2263 1.5276, 2.9679 -7.2277 1.5276, 2.9666 -7.2366 1.5276, 2.9637 -7.2438 1.5276, 2.9679 -7.2153 1.5276
            ]
        }
        coordIndex [
            0,1,2,-1,2,1,3,-1,4,0,5,-1,5,0,2,-1,6,4,7,-1,7,4,5,-1,8,6,9,-1,9,6,7,-1,10,8,11,-1,11,8,9,-1,12,10,13,-1,13,10,11,-1,14,12,15,-1,15,12,13,-1,16,14,17,-1,17,14,15,-1,18,16,19,-1,19,16,17,-1,20,18,21,-1,21,18,19,-1,22,20,23,-1,23,20,21,-1,1,22,3,-1,3,22,23,-1,22,1,0,-1,0,4,22,-1,22,4,6,-1,22,6,20,-1,16,18,14,-1,14,18,20,-1,14,20,12,-1,12,20,6,-1,12,6,10,-1,10,6,8,-1,24,25,26,-1,26,25,27,-1,28,29,30,-1,31,32,27,-1,27,32,33,-1,34,35,36,-1,36,35,37,-1,33,38,27,-1,27,38,39,-1,27,39,26,-1,26,39,40,-1,26,40,34,-1,34,40,41,-1,34,41,35,-1,30,31,28,-1,28,31,27,-1,28,27,42,-1,42,27,43,-1,42,43,44,-1,44,43,45,-1,44,45,46,-1,46,45,47,-1,46,47,48,-1,48,47,49,-1,48,49,50,-1,50,49,51,-1,50,51,52,-1,52,51,53,-1,52,53,54,-1,54,53,55,-1,54,55,56,-1,56,55,57,-1,56,57,58,-1,58,57,59,-1,58,59,60,-1,60,59,61,-1,62,63,64,-1,64,63,65,-1,64,65,66,-1,66,65,67,-1,66,67,68,-1,68,67,69,-1,68,69,70,-1,70,69,71,-1,70,71,72,-1,72,71,73,-1,72,73,37,-1,37,73,74,-1,37,74,36,-1,75,76,77,-1,77,76,78,-1,77,78,79,-1,79,78,80,-1,79,80,81,-1,81,80,82,-1,81,82,62,-1,62,82,83,-1,62,83,63,-1,28,84,29,-1,29,84,85,-1,29,85,86,-1,86,85,87,-1,86,87,88,-1,88,87,89,-1,88,89,90,-1,90,89,91,-1,90,91,75,-1,75,91,92,-1,75,92,76,-1,55,93,94,-1,55,94,57,-1,57,94,95,-1,57,95,59,-1,59,95,96,-1,59,96,61,-1,60,61,97,-1,97,61,96,-1,60,97,98,-1,60,98,58,-1,58,98,99,-1,58,99,56,-1,56,99,100,-1,56,100,54,-1,54,100,101,-1,54,101,52,-1,52,101,102,-1,52,102,50,-1,50,102,103,-1,50,103,48,-1,48,103,104,-1,48,104,46,-1,46,104,105,-1,46,105,44,-1,44,105,106,-1,44,106,42,-1,42,106,107,-1,42,107,28,-1,84,28,108,-1,108,28,107,-1,84,108,109,-1,84,109,85,-1,85,109,110,-1,85,110,87,-1,87,110,111,-1,87,111,89,-1,89,111,112,-1,89,112,91,-1,91,112,113,-1,91,113,92,-1,92,113,114,-1,92,114,76,-1,76,114,115,-1,76,115,78,-1,78,115,116,-1,78,116,80,-1,80,116,117,-1,80,117,82,-1,82,117,118,-1,82,118,83,-1,83,118,119,-1,83,119,63,-1,120,69,121,-1,121,69,67,-1,121,67,122,-1,122,67,65,-1,122,65,123,-1,123,65,63,-1,123,63,119,-1,69,120,124,-1,69,124,71,-1,71,124,125,-1,71,125,73,-1,125,126,73,-1,73,126,127,-1,73,127,74,-1,74,127,128,-1,74,128,36,-1,36,128,129,-1,36,129,34,-1,26,34,130,-1,130,34,129,-1,24,26,131,-1,131,26,130,-1,25,24,132,-1,132,24,131,-1,27,25,133,-1,133,25,132,-1,27,133,134,-1,27,134,43,-1,43,134,135,-1,43,135,45,-1,45,135,136,-1,45,136,47,-1,47,136,137,-1,47,137,49,-1,49,137,138,-1,49,138,51,-1,51,138,139,-1,51,139,53,-1,53,139,93,-1,53,93,55,-1,86,140,141,-1,86,141,29,-1,29,141,142,-1,29,142,30,-1,30,142,143,-1,30,143,31,-1,77,144,145,-1,77,145,75,-1,75,145,146,-1,75,146,90,-1,90,146,147,-1,90,147,88,-1,88,147,140,-1,88,140,86,-1,64,148,149,-1,64,149,62,-1,62,149,150,-1,62,150,81,-1,81,150,151,-1,81,151,79,-1,79,151,144,-1,79,144,77,-1,70,152,153,-1,70,153,68,-1,68,153,154,-1,68,154,66,-1,66,154,148,-1,66,148,64,-1,41,155,156,-1,41,156,35,-1,35,156,157,-1,35,157,37,-1,37,157,158,-1,37,158,72,-1,72,158,152,-1,72,152,70,-1,33,159,160,-1,33,160,38,-1,38,160,161,-1,38,161,39,-1,39,161,162,-1,39,162,40,-1,40,162,155,-1,40,155,41,-1,33,32,159,-1,159,32,163,-1,32,31,163,-1,163,31,143,-1,
        ]
    }
}
Shape{
    appearance Appearance {
        material  Material 	{
            diffuseColor 1.0 1.0 1.0
            specularColor 0.5019607843137255 0.5019607843137255 0.5019607843137255
            ambientIntensity 1.0
            transparency 0.0
            shininess 0.5
        }
    }
    geometry IndexedFaceSet {
        ccw TRUE
        solid FALSE
        coord DEF co Coordinate {
            point [
                2.9679 -7.2153 1.5276, 2.9411 -7.219 1.5276, 2.9679 -7.2263 1.5276, 2.9302 -7.2214 1.5276, 2.925 -7.2236 1.5276, 2.9217 -7.226 1.5276, 2.9679 -7.2277 1.5276, 2.9666 -7.2366 1.5276, 2.9193 -7.229 1.5276, 2.9637 -7.2438 1.5276, 2.9205 -7.2521 1.5276, 2.9222 -7.2538 1.5276, 2.9568 -7.2521 1.5276, 2.9182 -7.2487 1.5276, 2.9511 -7.2559 1.5276, 2.945 -7.2581 1.5276, 2.9375 -7.259 1.5276, 2.9176 -7.2327 1.5276, 2.9166 -7.2373 1.5276, 2.9593 -7.2497 1.5276, 2.9164 -7.2405 1.5276, 2.9169 -7.2451 1.5276, 2.9262 -7.2566 1.5276, 2.9308 -7.2582 1.5276
            ]
        }
        coordIndex [
            0,1,2,-1,2,1,3,-1,3,4,2,-1,2,4,5,-1,2,5,6,-1,6,5,7,-1,7,5,8,-1,7,8,9,-1,10,11,12,-1,10,12,13,-1,14,12,15,-1,15,12,16,-1,8,17,9,-1,9,17,18,-1,9,18,19,-1,19,18,20,-1,19,20,12,-1,12,20,21,-1,12,21,13,-1,11,22,12,-1,12,22,23,-1,12,23,16,-1,
        ]
    }
}
Shape{
    appearance Appearance {
        material  Material 	{
            diffuseColor 0.0 0.0 0.0
            specularColor 0.0 0.0 0.0
            ambientIntensity 0.0
            transparency 0.0
            shininess 0.5
        }
    }
    geometry IndexedFaceSet {
        ccw TRUE
        solid FALSE
        coord DEF co Coordinate {
            point [
                3.0152 -7.248 1.5276, 3.0152 -7.248 1.5315, 3.023 -7.2529 1.5315, 3.0481 -7.2591 1.5315, 3.0481 -7.2591 1.5276, 3.0356 -7.2576 1.5276, 3.0356 -7.2576 1.5315, 3.0244 -7.2534 1.5276, 3.023 -7.2529 1.5276, 3.0152 -7.2687 1.5315, 3.0152 -7.2687 1.5276, 3.0295 -7.2737 1.5315, 3.0244 -7.272 1.5276, 3.0462 -7.2754 1.5276, 3.0462 -7.2754 1.5315, 3.033 -7.2741 1.5276, 3.0295 -7.2737 1.5276, 3.0627 -7.2737 1.5315, 3.0589 -7.2741 1.5276, 3.0627 -7.2737 1.5276, 3.0736 -7.2698 1.5276, 3.0736 -7.2698 1.5315, 3.0795 -7.2664 1.5276, 3.0795 -7.2664 1.5315, 3.0852 -7.2613 1.5276, 3.0852 -7.2613 1.5315, 3.089 -7.256 1.5276, 3.089 -7.256 1.5315, 3.0914 -7.2497 1.5276, 3.0914 -7.2497 1.5315, 3.0924 -7.2416 1.5276, 3.0924 -7.2416 1.5315, 3.0916 -7.2342 1.5276, 3.0916 -7.2342 1.5315, 3.0894 -7.2282 1.5276, 3.0894 -7.2282 1.5315, 3.0857 -7.2227 1.5276, 3.0857 -7.2227 1.5315, 3.0809 -7.2184 1.5276, 3.0809 -7.2184 1.5315, 3.0676 -7.211 1.5276, 3.0676 -7.211 1.5315, 3.0598 -7.2079 1.5276, 3.0598 -7.2079 1.5315, 3.0474 -7.2025 1.5276, 3.0474 -7.2025 1.5315, 3.0403 -7.1981 1.5276, 3.0403 -7.1981 1.5315, 3.0384 -7.1959 1.5276, 3.0384 -7.1959 1.5315, 3.0369 -7.1932 1.5276, 3.0369 -7.1932 1.5315, 3.0361 -7.1901 1.5276, 3.0361 -7.1901 1.5315, 3.0359 -7.1874 1.5276, 3.0359 -7.1874 1.5315, 3.0363 -7.1842 1.5276, 3.0363 -7.1842 1.5315, 3.0373 -7.1815 1.5276, 3.0373 -7.1815 1.5315, 3.039 -7.179 1.5276, 3.039 -7.179 1.5315, 3.042 -7.1763 1.5276, 3.042 -7.1763 1.5315, 3.0465 -7.1739 1.5276, 3.0465 -7.1739 1.5315, 3.0519 -7.1725 1.5276, 3.0519 -7.1725 1.5315, 3.0578 -7.172 1.5276, 3.0578 -7.172 1.5315, 3.071 -7.1735 1.5276, 3.071 -7.1735 1.5315, 3.0823 -7.1777 1.5276, 3.0823 -7.1777 1.5315, 3.0869 -7.1803 1.5276, 3.0869 -7.1803 1.5315, 3.0869 -7.1608 1.5315, 3.0869 -7.1608 1.5276, 3.0709 -7.1565 1.5276, 3.0709 -7.1565 1.5315, 3.0598 -7.1557 1.5276, 3.0598 -7.1557 1.5315, 3.0451 -7.1573 1.5276, 3.0451 -7.1573 1.5315, 3.0341 -7.1613 1.5276, 3.0341 -7.1613 1.5315, 3.0281 -7.1648 1.5276, 3.0281 -7.1648 1.5315, 3.0222 -7.1702 1.5315, 3.0244 -7.1682 1.5276, 3.0222 -7.1702 1.5276, 3.0185 -7.1756 1.5276, 3.0185 -7.1756 1.5315, 3.0161 -7.1821 1.5276, 3.0161 -7.1821 1.5315, 3.0153 -7.1892 1.5276, 3.0153 -7.1892 1.5315, 3.0161 -7.197 1.5276, 3.0161 -7.197 1.5315, 3.0184 -7.2031 1.5276, 3.0184 -7.2031 1.5315, 3.021 -7.2073 1.5276, 3.021 -7.2073 1.5315, 3.0457 -7.2225 1.5276, 3.0457 -7.2225 1.5315, 3.0337 -7.217 1.5315, 3.0242 -7.2108 1.5276, 3.0242 -7.2108 1.5315, 3.0244 -7.2109 1.5276, 3.0337 -7.217 1.5276, 3.0588 -7.228 1.5276, 3.0588 -7.228 1.5315, 3.0667 -7.2327 1.5276, 3.0667 -7.2327 1.5315, 3.0692 -7.2353 1.5276, 3.0692 -7.2353 1.5315, 3.0707 -7.238 1.5276, 3.0707 -7.238 1.5315, 3.0716 -7.2411 1.5276, 3.0716 -7.2411 1.5315, 3.0718 -7.2436 1.5276, 3.0718 -7.2436 1.5315, 3.0714 -7.2474 1.5276, 3.0714 -7.2474 1.5315, 3.0704 -7.2503 1.5276, 3.0704 -7.2503 1.5315, 3.0686 -7.2529 1.5276, 3.0686 -7.2529 1.5315, 3.0663 -7.2549 1.5276, 3.0663 -7.2549 1.5315, 3.0645 -7.256 1.5276, 3.0645 -7.256 1.5315, 3.0593 -7.2579 1.5276, 3.0593 -7.2579 1.5315, 3.049 -7.2591 1.5276, 3.049 -7.2591 1.5315, 3.1918 -7.1584 1.5315, 3.2126 -7.1584 1.5315, 3.1918 -7.1584 1.5276, 3.2126 -7.1584 1.5276, 3.1606 -7.2445 1.5315, 3.1606 -7.2445 1.5276, 3.1591 -7.2498 1.5276, 3.1591 -7.2498 1.5315, 3.1581 -7.2537 1.5276, 3.1581 -7.2537 1.5315, 3.1576 -7.2537 1.5315, 3.1576 -7.2537 1.5276, 3.1552 -7.2443 1.5315, 3.1552 -7.2443 1.5276, 3.1253 -7.1584 1.5276, 3.1253 -7.1584 1.5315, 3.135 -7.1862 1.5276, 3.1028 -7.1584 1.5315, 3.1028 -7.1584 1.5276, 3.1477 -7.2725 1.5276, 3.1477 -7.2725 1.5315, 3.135 -7.2401 1.5276, 3.1389 -7.2933 1.5276, 3.1389 -7.2933 1.5315, 3.147 -7.2741 1.5276, 3.135 -7.3005 1.5276, 3.135 -7.3005 1.5315, 3.135 -7.3005 1.5276, 3.1312 -7.3047 1.5315, 3.1312 -7.3047 1.5276, 3.1276 -7.3072 1.5276, 3.1276 -7.3072 1.5315, 3.1232 -7.3089 1.5276, 3.1232 -7.3089 1.5315, 3.1184 -7.3094 1.5276, 3.1184 -7.3094 1.5315, 3.1111 -7.3085 1.5276, 3.1111 -7.3085 1.5315, 3.107 -7.3071 1.5276, 3.107 -7.3071 1.5315, 3.107 -7.325 1.5315, 3.107 -7.325 1.5276, 3.1155 -7.3265 1.5276, 3.1155 -7.3265 1.5315, 3.1199 -7.3266 1.5276, 3.1199 -7.3266 1.5315, 3.128 -7.3257 1.5276, 3.128 -7.3257 1.5315, 3.135 -7.323 1.5276, 3.1359 -7.3227 1.5315, 3.1359 -7.3227 1.5276, 3.1429 -7.3178 1.5276, 3.1429 -7.3178 1.5315, 3.1443 -7.3165 1.5276, 3.1443 -7.3165 1.5315, 3.1516 -7.3077 1.5276, 3.1516 -7.3077 1.5315, 3.1607 -7.29 1.5276, 3.1607 -7.29 1.5315, 3.167 -7.2741 1.5276, 3.3204 -7.2545 1.5315, 3.3204 -7.2727 1.5315, 3.3204 -7.2545 1.5276, 3.3204 -7.2727 1.5276, 3.2549 -7.2545 1.5276, 3.2549 -7.2545 1.5315, 3.2849 -7.2545 1.5276, 3.2549 -7.2006 1.5315, 3.2549 -7.2006 1.5276, 3.3122 -7.2006 1.5276, 3.3122 -7.2006 1.5315, 3.2849 -7.2006 1.5276, 3.3122 -7.1823 1.5315, 3.3122 -7.1823 1.5276, 3.2549 -7.1823 1.5276, 3.2549 -7.1823 1.5315, 3.2849 -7.1823 1.5276, 3.2549 -7.131 1.5315, 3.2549 -7.131 1.5276, 3.3167 -7.131 1.5276, 3.3167 -7.131 1.5315, 3.2849 -7.131 1.5276, 3.3167 -7.1126 1.5315, 3.3167 -7.1126 1.5276, 3.2342 -7.1126 1.5276, 3.2342 -7.1126 1.5315, 3.2849 -7.1126 1.5276, 3.2342 -7.2727 1.5315, 3.2342 -7.2727 1.5276, 3.2849 -7.2727 1.5276, 3.4402 -7.2396 1.5315, 3.4537 -7.2531 1.5315, 3.4422 -7.2378 1.5315, 3.4568 -7.2503 1.5315, 3.4505 -7.2272 1.5315, 3.4682 -7.237 1.5315, 3.4559 -7.2152 1.5315, 3.4763 -7.2206 1.5315, 3.4588 -7.2003 1.5315, 3.4804 -7.202 1.5315, 3.4593 -7.1912 1.5315, 3.481 -7.1906 1.5315, 3.4573 -7.1728 1.5315, 3.4784 -7.1687 1.5315, 3.453 -7.1607 1.5315, 3.4725 -7.1534 1.5315, 3.447 -7.1515 1.5315, 3.4626 -7.1394 1.5315, 3.4417 -7.1461 1.5315, 3.4568 -7.1338 1.5315, 3.4294 -7.138 1.5315, 3.4397 -7.1222 1.5315, 3.4154 -7.1331 1.5315, 3.4204 -7.1152 1.5315, 3.3955 -7.131 1.5315, 3.3963 -7.1126 1.5315, 3.3713 -7.131 1.5315, 3.3506 -7.1126 1.5315, 3.3713 -7.2545 1.5315, 3.3506 -7.2727 1.5315, 3.3945 -7.2545 1.5315, 3.3947 -7.2727 1.5315, 3.4166 -7.2519 1.5315, 3.4192 -7.2701 1.5315, 3.4299 -7.2467 1.5315, 3.438 -7.2634 1.5315, 3.3947 -7.2727 1.5276, 3.3506 -7.2727 1.5276, 3.4192 -7.2701 1.5276, 3.438 -7.2634 1.5276, 3.4537 -7.2531 1.5276, 3.4568 -7.2503 1.5276, 3.4682 -7.237 1.5276, 3.4763 -7.2206 1.5276, 3.4804 -7.202 1.5276, 3.481 -7.1906 1.5276, 3.4784 -7.1687 1.5276, 3.4725 -7.1534 1.5276, 3.4626 -7.1394 1.5276, 3.4568 -7.1338 1.5276, 3.4397 -7.1222 1.5276, 3.4204 -7.1152 1.5276, 3.3963 -7.1126 1.5276, 3.3506 -7.1126 1.5276, 3.3955 -7.131 1.5276, 3.3713 -7.131 1.5276, 3.3713 -7.2545 1.5276, 3.3945 -7.2545 1.5276, 3.4422 -7.2378 1.5276, 3.4402 -7.2396 1.5276, 3.4299 -7.2467 1.5276, 3.4166 -7.2519 1.5276, 3.4593 -7.1912 1.5276, 3.4588 -7.2003 1.5276, 3.4559 -7.2152 1.5276, 3.4505 -7.2272 1.5276, 3.4417 -7.1461 1.5276, 3.447 -7.1515 1.5276, 3.453 -7.1607 1.5276, 3.4573 -7.1728 1.5276, 3.4154 -7.1331 1.5276, 3.4294 -7.138 1.5276
            ]
        }
        coordIndex [
            0,1,2,-1,3,4,5,-1,3,5,6,-1,6,5,7,-1,6,7,2,-1,2,7,8,-1,2,8,0,-1,9,1,10,-1,10,1,0,-1,9,10,11,-1,11,10,12,-1,13,14,15,-1,15,14,11,-1,15,11,16,-1,16,11,12,-1,14,13,17,-1,17,13,18,-1,18,19,17,-1,17,19,20,-1,17,20,21,-1,21,20,22,-1,21,22,23,-1,23,22,24,-1,23,24,25,-1,25,24,26,-1,25,26,27,-1,27,26,28,-1,27,28,29,-1,29,28,30,-1,29,30,31,-1,31,30,32,-1,31,32,33,-1,33,32,34,-1,33,34,35,-1,35,34,36,-1,35,36,37,-1,37,36,38,-1,37,38,39,-1,39,38,40,-1,39,40,41,-1,41,40,42,-1,41,42,43,-1,43,42,44,-1,43,44,45,-1,45,44,46,-1,45,46,47,-1,47,46,48,-1,47,48,49,-1,49,48,50,-1,49,50,51,-1,51,50,52,-1,51,52,53,-1,53,52,54,-1,53,54,55,-1,55,54,56,-1,55,56,57,-1,57,56,58,-1,57,58,59,-1,59,58,60,-1,59,60,61,-1,61,60,62,-1,61,62,63,-1,63,62,64,-1,63,64,65,-1,65,64,66,-1,65,66,67,-1,67,66,68,-1,67,68,69,-1,69,68,70,-1,69,70,71,-1,71,70,72,-1,71,72,73,-1,73,72,74,-1,73,74,75,-1,76,75,77,-1,77,75,74,-1,76,77,78,-1,76,78,79,-1,79,78,80,-1,79,80,81,-1,81,80,82,-1,81,82,83,-1,83,82,84,-1,83,84,85,-1,85,84,86,-1,85,86,87,-1,87,86,88,-1,88,86,89,-1,89,90,88,-1,88,90,91,-1,88,91,92,-1,92,91,93,-1,92,93,94,-1,94,93,95,-1,94,95,96,-1,96,95,97,-1,96,97,98,-1,98,97,99,-1,98,99,100,-1,100,99,101,-1,100,101,102,-1,103,104,105,-1,102,101,106,-1,102,106,107,-1,107,106,108,-1,107,108,105,-1,105,108,109,-1,105,109,103,-1,104,103,110,-1,104,110,111,-1,111,110,112,-1,111,112,113,-1,113,112,114,-1,113,114,115,-1,115,114,116,-1,115,116,117,-1,117,116,118,-1,117,118,119,-1,119,118,120,-1,119,120,121,-1,121,120,122,-1,121,122,123,-1,123,122,124,-1,123,124,125,-1,125,124,126,-1,125,126,127,-1,127,126,128,-1,127,128,129,-1,129,128,130,-1,129,130,131,-1,131,130,132,-1,131,132,133,-1,133,132,134,-1,133,134,135,-1,135,134,4,-1,135,4,3,-1,61,63,85,-1,85,63,83,-1,111,43,104,-1,104,43,45,-1,21,23,127,-1,127,23,25,-1,127,25,125,-1,125,25,27,-1,125,27,123,-1,123,27,29,-1,123,29,121,-1,121,29,31,-1,121,31,119,-1,119,31,33,-1,119,33,117,-1,117,33,35,-1,117,35,115,-1,115,35,37,-1,115,37,113,-1,113,37,39,-1,113,39,111,-1,111,39,41,-1,111,41,43,-1,14,3,11,-1,11,3,6,-1,11,6,9,-1,9,6,2,-1,9,2,1,-1,63,65,83,-1,83,65,67,-1,83,67,81,-1,81,67,69,-1,81,69,79,-1,79,69,71,-1,79,71,76,-1,76,71,73,-1,76,73,75,-1,127,129,21,-1,21,129,131,-1,21,131,17,-1,17,131,133,-1,17,133,14,-1,14,133,135,-1,14,135,3,-1,85,87,61,-1,61,87,88,-1,61,88,59,-1,59,88,92,-1,59,92,57,-1,57,92,94,-1,57,94,55,-1,55,94,96,-1,55,96,53,-1,53,96,98,-1,53,98,51,-1,51,98,100,-1,51,100,49,-1,49,100,102,-1,49,102,47,-1,47,102,107,-1,47,107,45,-1,45,107,105,-1,45,105,104,-1,136,137,138,-1,138,137,139,-1,140,136,141,-1,141,136,138,-1,140,141,142,-1,140,142,143,-1,143,142,144,-1,143,144,145,-1,146,145,147,-1,147,145,144,-1,148,146,149,-1,149,146,147,-1,150,151,152,-1,152,151,148,-1,152,148,149,-1,153,151,154,-1,154,151,150,-1,155,156,157,-1,157,156,153,-1,157,153,154,-1,158,159,160,-1,160,159,156,-1,160,156,155,-1,159,158,161,-1,159,161,162,-1,162,161,163,-1,162,163,164,-1,163,165,164,-1,164,165,166,-1,164,166,167,-1,167,166,168,-1,167,168,169,-1,169,168,170,-1,169,170,171,-1,171,170,172,-1,171,172,173,-1,173,172,174,-1,173,174,175,-1,176,175,177,-1,177,175,174,-1,176,177,178,-1,176,178,179,-1,179,178,180,-1,179,180,181,-1,181,180,182,-1,181,182,183,-1,183,182,184,-1,183,184,185,-1,184,186,185,-1,185,186,187,-1,185,187,188,-1,188,187,189,-1,188,189,190,-1,190,189,191,-1,190,191,192,-1,192,191,193,-1,192,193,194,-1,139,137,195,-1,195,137,194,-1,195,194,193,-1,143,145,194,-1,137,136,194,-1,194,136,140,-1,194,140,143,-1,151,153,148,-1,148,153,156,-1,148,156,146,-1,192,162,190,-1,190,162,164,-1,175,176,173,-1,173,176,179,-1,173,179,171,-1,171,179,181,-1,171,181,169,-1,169,181,183,-1,169,183,167,-1,167,183,185,-1,167,185,164,-1,164,185,188,-1,164,188,190,-1,145,146,194,-1,194,146,156,-1,194,156,192,-1,192,156,159,-1,192,159,162,-1,196,197,198,-1,198,197,199,-1,200,201,202,-1,202,201,196,-1,202,196,198,-1,203,201,204,-1,204,201,200,-1,205,206,207,-1,207,206,203,-1,207,203,204,-1,208,206,209,-1,209,206,205,-1,210,211,212,-1,212,211,208,-1,212,208,209,-1,213,211,214,-1,214,211,210,-1,215,216,217,-1,217,216,213,-1,217,213,214,-1,218,216,219,-1,219,216,215,-1,220,221,222,-1,222,221,218,-1,222,218,219,-1,223,221,224,-1,224,221,220,-1,199,197,225,-1,225,197,223,-1,225,223,224,-1,223,197,196,-1,196,201,223,-1,223,201,203,-1,223,203,221,-1,216,218,213,-1,213,218,221,-1,213,221,211,-1,211,221,203,-1,211,203,208,-1,208,203,206,-1,226,227,228,-1,228,227,229,-1,228,229,230,-1,230,229,231,-1,230,231,232,-1,232,231,233,-1,232,233,234,-1,234,233,235,-1,234,235,236,-1,236,235,237,-1,236,237,238,-1,238,237,239,-1,238,239,240,-1,240,239,241,-1,240,241,242,-1,242,241,243,-1,242,243,244,-1,244,243,245,-1,244,245,246,-1,246,245,247,-1,246,247,248,-1,248,247,249,-1,248,249,250,-1,250,249,251,-1,250,251,252,-1,252,251,253,-1,252,253,254,-1,254,253,255,-1,254,255,256,-1,256,255,257,-1,256,257,258,-1,258,257,259,-1,258,259,260,-1,260,259,261,-1,260,261,226,-1,226,261,227,-1,257,255,262,-1,262,255,263,-1,257,262,264,-1,257,264,259,-1,259,264,265,-1,259,265,261,-1,261,265,266,-1,261,266,227,-1,227,266,267,-1,227,267,229,-1,229,267,268,-1,229,268,231,-1,231,268,269,-1,231,269,233,-1,233,269,270,-1,233,270,235,-1,235,270,271,-1,235,271,237,-1,237,271,272,-1,237,272,239,-1,239,272,273,-1,239,273,241,-1,241,273,274,-1,241,274,243,-1,243,274,275,-1,243,275,245,-1,245,275,276,-1,245,276,247,-1,247,276,277,-1,247,277,249,-1,249,277,278,-1,249,278,251,-1,253,251,279,-1,279,251,278,-1,255,253,263,-1,263,253,279,-1,250,252,280,-1,280,252,281,-1,252,254,281,-1,281,254,282,-1,254,256,282,-1,282,256,283,-1,228,284,285,-1,228,285,226,-1,226,285,286,-1,226,286,260,-1,260,286,287,-1,260,287,258,-1,258,287,283,-1,258,283,256,-1,236,288,289,-1,236,289,234,-1,234,289,290,-1,234,290,232,-1,232,290,291,-1,232,291,230,-1,230,291,284,-1,230,284,228,-1,244,292,293,-1,244,293,242,-1,242,293,294,-1,242,294,240,-1,240,294,295,-1,240,295,238,-1,238,295,288,-1,238,288,236,-1,250,280,296,-1,250,296,248,-1,248,296,297,-1,248,297,246,-1,246,297,292,-1,246,292,244,-1,
        ]
    }
}
Shape{
    appearance Appearance {
        material  Material 	{
            diffuseColor 1.0 1.0 1.0
            specularColor 0.5019607843137255 0.5019607843137255 0.5019607843137255
            ambientIntensity 1.0
            transparency 0.0
            shininess 0.5
        }
    }
    geometry IndexedFaceSet {
        ccw TRUE
        solid FALSE
        coord DEF co Coordinate {
            point [
                3.3713 -7.131 1.5276, 3.3713 -7.2545 1.5276, 3.3955 -7.131 1.5276, 3.3945 -7.2545 1.5276, 3.4166 -7.2519 1.5276, 3.4299 -7.2467 1.5276, 3.4402 -7.2396 1.5276, 3.4422 -7.2378 1.5276, 3.4505 -7.2272 1.5276, 3.4559 -7.2152 1.5276, 3.4588 -7.2003 1.5276, 3.4593 -7.1912 1.5276, 3.4573 -7.1728 1.5276, 3.453 -7.1607 1.5276, 3.447 -7.1515 1.5276, 3.4417 -7.1461 1.5276, 3.4154 -7.1331 1.5276, 3.4294 -7.138 1.5276
            ]
        }
        coordIndex [
            0,1,2,-1,2,1,3,-1,2,3,4,-1,4,5,2,-1,2,5,6,-1,2,6,7,-1,7,8,2,-1,2,8,9,-1,2,9,10,-1,10,11,2,-1,2,11,12,-1,2,12,13,-1,13,14,2,-1,2,14,15,-1,2,15,16,-1,16,15,17,-1,
        ]
    }
}
Shape{
    appearance Appearance {
        material  Material 	{
            diffuseColor 0.0 0.0 0.0
            specularColor 0.0 0.0 0.0
            ambientIntensity 0.0
            transparency 0.0
            shininess 0.5
        }
    }
    geometry IndexedFaceSet {
        ccw TRUE
        solid FALSE
        coord DEF co Coordinate {
            point [
                3.5347 -7.2108 1.5315, 3.5281 -7.2289 1.5315, 3.5884 -7.2108 1.5315, 3.5948 -7.2289 1.5315, 3.5586 -7.1443 1.5315, 3.5509 -7.1126 1.5315, 3.4899 -7.2727 1.5315, 3.5127 -7.2727 1.5315, 3.56 -7.1395 1.5315, 3.5612 -7.1331 1.5315, 3.573 -7.1126 1.5315, 3.5617 -7.1331 1.5315, 3.563 -7.1398 1.5315, 3.5642 -7.1443 1.5315, 3.634 -7.2727 1.5315, 3.6111 -7.2727 1.5315, 3.573 -7.1126 1.5276, 3.634 -7.2727 1.5276, 3.5509 -7.1126 1.5276, 3.4899 -7.2727 1.5276, 3.5127 -7.2727 1.5276, 3.5281 -7.2289 1.5276, 3.5948 -7.2289 1.5276, 3.6111 -7.2727 1.5276, 3.5347 -7.2108 1.5276, 3.5884 -7.2108 1.5276, 3.5642 -7.1443 1.5276, 3.5617 -7.1331 1.5276, 3.563 -7.1398 1.5276, 3.5612 -7.1331 1.5276, 3.5586 -7.1443 1.5276, 3.56 -7.1395 1.5276
            ]
        }
        coordIndex [
            0,1,2,-1,2,1,3,-1,4,5,0,-1,0,5,6,-1,0,6,1,-1,1,6,7,-1,4,8,5,-1,5,8,9,-1,5,9,10,-1,10,9,11,-1,10,11,12,-1,12,13,10,-1,10,13,2,-1,10,2,14,-1,14,2,3,-1,14,3,15,-1,10,14,16,-1,16,14,17,-1,5,10,18,-1,18,10,16,-1,6,5,19,-1,19,5,18,-1,7,6,20,-1,20,6,19,-1,1,7,21,-1,21,7,20,-1,3,1,22,-1,22,1,21,-1,15,3,23,-1,23,3,22,-1,14,15,17,-1,17,15,23,-1,0,2,24,-1,24,2,25,-1,2,13,25,-1,25,13,26,-1,11,27,28,-1,11,28,12,-1,12,28,26,-1,12,26,13,-1,11,9,27,-1,27,9,29,-1,4,30,31,-1,4,31,8,-1,8,31,29,-1,8,29,9,-1,4,0,30,-1,30,0,24,-1,
        ]
    }
}
Shape{
    appearance Appearance {
        material  Material 	{
            diffuseColor 1.0 1.0 1.0
            specularColor 0.5019607843137255 0.5019607843137255 0.5019607843137255
            ambientIntensity 1.0
            transparency 0.0
            shininess 0.5
        }
    }
    geometry IndexedFaceSet {
        ccw TRUE
        solid FALSE
        coord DEF co Coordinate {
            point [
                3.5617 -7.1331 1.5276, 3.5612 -7.1331 1.5276, 3.563 -7.1398 1.5276, 3.56 -7.1395 1.5276, 3.5642 -7.1443 1.5276, 3.5586 -7.1443 1.5276, 3.5884 -7.2108 1.5276, 3.5347 -7.2108 1.5276
            ]
        }
        coordIndex [
            0,1,2,-1,2,1,3,-1,2,3,4,-1,4,3,5,-1,4,5,6,-1,6,5,7,-1,
        ]
    }
}
Shape{
    appearance Appearance {
        material  Material 	{
            diffuseColor 0.0 0.0 0.0
            specularColor 0.0 0.0 0.0
            ambientIntensity 0.0
            transparency 0.0
            shininess 0.5
        }
    }
    geometry IndexedFaceSet {
        ccw TRUE
        solid FALSE
        coord DEF co Coordinate {
            point [
                2.1348 -7.239 1.5315, 2.1354 -7.2279 1.5315, 2.0732 -7.1947 1.5315, 2.1198 -7.3314 1.5315, 2.0981 -7.314 1.5315, 2.0818 -7.2926 1.5315, 2.1974 -7.1209 1.5315, 2.1803 -7.1196 1.5315, 2.168 -7.1927 1.5315, 2.5411 -7.0362 1.5315, 2.5588 -7.0484 1.5315, 2.6171 -7.0094 1.5315, 2.1886 -7.1923 1.5315, 2.1992 -7.1961 1.5315, 2.2941 -7.2232 1.5315, 2.2083 -7.2023 1.5315, 2.2157 -7.2105 1.5315, 2.4535 -7.1389 1.5315, 2.4182 -7.0786 1.5315, 2.2656 -7.1583 1.5315, 2.1791 -7.1913 1.5315, 2.0748 -7.1906 1.5315, 2.1388 -7.2172 1.5315, 2.088 -7.1672 1.5315, 2.1446 -7.2078 1.5315, 2.1074 -7.1464 1.5315, 2.1491 -7.203 1.5315, 2.1312 -7.1309 1.5315, 2.2246 -7.1284 1.5315, 2.158 -7.1967 1.5315, 2.1565 -7.1221 1.5315, 2.2206 -7.2199 1.5315, 2.2232 -7.2304 1.5315, 2.2941 -7.2346 1.5315, 2.2232 -7.2408 1.5315, 2.6404 -7.0418 1.5315, 2.5735 -7.0649 1.5315, 2.6543 -7.0765 1.5315, 2.5837 -7.0848 1.5315, 2.6596 -7.1139 1.5315, 2.1715 -6.989 1.5315, 2.1791 -6.9932 1.5315, 2.1438 -6.9101 1.5315, 2.1966 -6.9571 1.5315, 2.1672 -6.8829 1.5315, 2.2221 -6.9266 1.5315, 2.1939 -6.86 1.5315, 2.2525 -6.9044 1.5315, 2.2217 -6.8428 1.5315, 2.0519 -7.1821 1.5315, 2.0576 -7.2667 1.5315, 2.0721 -7.271 1.5315, 2.2483 -7.142 1.5315, 2.4911 -7.0262 1.5315, 2.5002 -7.0262 1.5315, 2.5469 -6.9647 1.5315, 2.5212 -7.0287 1.5315, 2.5523 -6.9665 1.5315, 2.5862 -6.9833 1.5315, 2.6175 -7.2221 1.5315, 2.5624 -7.1789 1.5315, 2.5866 -7.2482 1.5315, 2.5451 -7.1921 1.5315, 2.5518 -7.2653 1.5315, 2.5247 -7.2008 1.5315, 2.5139 -7.2733 1.5315, 2.507 -7.2038 1.5315, 2.4467 -7.2733 1.5315, 2.4558 -7.2038 1.5315, 2.4403 -7.2723 1.5315, 2.146 -6.9796 1.5315, 2.1307 -6.9085 1.5315, 2.1188 -6.9761 1.5315, 2.1176 -6.9078 1.5315, 2.1053 -6.9769 1.5315, 2.0727 -6.9134 1.5315, 2.0773 -6.984 1.5315, 2.0305 -6.9298 1.5315, 2.0521 -6.9978 1.5315, 1.9943 -6.9552 1.5315, 2.0313 -7.0173 1.5315, 1.9867 -6.9625 1.5315, 2.0164 -7.0404 1.5315, 1.9592 -6.9977 1.5315, 2.0075 -7.0661 1.5315, 2.5886 -7.1068 1.5315, 2.589 -7.115 1.5315, 2.6544 -7.1544 1.5315, 2.5865 -7.1363 1.5315, 2.6401 -7.1904 1.5315, 2.5789 -7.1567 1.5315, 2.5665 -7.1745 1.5315, 2.4854 -6.8748 1.5315, 2.4405 -6.9268 1.5315, 2.523 -6.9182 1.5315, 2.4663 -6.9574 1.5315, 2.4839 -6.994 1.5315, 2.1567 -7.274 1.5315, 2.167 -7.2784 1.5315, 2.1457 -7.3432 1.5315, 2.1772 -7.2801 1.5315, 2.1724 -7.3482 1.5315, 2.1791 -7.2801 1.5315, 2.1803 -7.3484 1.5315, 2.1905 -7.2787 1.5315, 2.2042 -7.3459 1.5315, 2.2004 -7.2747 1.5315, 2.2298 -7.337 1.5315, 2.209 -7.2685 1.5315, 2.253 -7.322 1.5315, 2.2152 -7.2615 1.5315, 2.2724 -7.3013 1.5315, 2.2205 -7.2518 1.5315, 2.2862 -7.2761 1.5315, 2.2933 -7.2481 1.5315, 2.2742 -6.8225 1.5315, 2.2896 -6.8893 1.5315, 2.3305 -6.8156 1.5315, 2.3317 -6.8839 1.5315, 2.3775 -6.8205 1.5315, 2.3705 -6.8887 1.5315, 2.4346 -6.8407 1.5315, 2.4062 -6.9024 1.5315, 2.4381 -6.9246 1.5315, 2.1479 -7.2673 1.5315, 2.1414 -7.2592 1.5315, 2.1369 -7.2497 1.5315, 2.4501 -7.2028 1.5315, 2.4227 -7.2614 1.5315, 2.4254 -7.264 1.5315, 1.9411 -7.0387 1.5315, 1.9335 -7.0815 1.5315, 2.0049 -7.09 1.5315, 1.9332 -7.0923 1.5315, 2.0067 -7.11 1.5315, 1.9387 -7.137 1.5315, 2.0155 -7.1378 1.5315, 1.9551 -7.1794 1.5315, 2.0308 -7.162 1.5315, 1.981 -7.2164 1.5315, 2.0164 -7.2466 1.5315, 2.4535 -7.2035 1.5315, 2.4327 -7.2693 1.5315, 2.4137 -7.238 1.5315, 2.4147 -7.2465 1.5315, 2.4177 -7.2542 1.5315, 2.4401 -7.2038 1.5315, 2.4323 -7.2069 1.5315, 2.414 -7.2335 1.5315, 2.4253 -7.2119 1.5315, 2.4206 -7.2171 1.5315, 2.4162 -7.2248 1.5315, 2.449 -7.2027 1.5315, 2.6596 -7.1139 1.5276, 2.6543 -7.0765 1.5276, 2.6247 -7.02 1.5276, 2.6505 -7.067 1.5276, 2.6404 -7.0418 1.5276, 2.6171 -7.0094 1.5276, 2.5862 -6.9833 1.5276, 2.5523 -6.9665 1.5276, 2.5469 -6.9647 1.5276, 2.523 -6.9182 1.5276, 2.4854 -6.8748 1.5276, 2.4592 -6.8572 1.5276, 2.4346 -6.8407 1.5276, 2.3775 -6.8205 1.5276, 2.3305 -6.8156 1.5276, 2.2742 -6.8225 1.5276, 2.2217 -6.8428 1.5276, 2.1984 -6.8572 1.5276, 2.1939 -6.86 1.5276, 2.1672 -6.8829 1.5276, 2.1438 -6.9101 1.5276, 2.1307 -6.9085 1.5276, 2.1176 -6.9078 1.5276, 2.0727 -6.9134 1.5276, 2.0305 -6.9298 1.5276, 1.9943 -6.9552 1.5276, 1.9867 -6.9625 1.5276, 1.9332 -7.0923 1.5276, 1.9592 -6.9977 1.5276, 1.9494 -7.02 1.5276, 1.9411 -7.0387 1.5276, 1.9361 -7.067 1.5276, 1.9335 -7.0815 1.5276, 1.9387 -7.137 1.5276, 1.9551 -7.1794 1.5276, 1.981 -7.2164 1.5276, 2.0164 -7.2466 1.5276, 2.0576 -7.2667 1.5276, 2.0721 -7.271 1.5276, 2.0735 -7.2741 1.5276, 2.0818 -7.2926 1.5276, 2.0981 -7.314 1.5276, 2.1198 -7.3314 1.5276, 2.1333 -7.3375 1.5276, 2.1457 -7.3432 1.5276, 2.1724 -7.3482 1.5276, 2.1803 -7.3484 1.5276, 2.2941 -7.2346 1.5276, 2.2042 -7.3459 1.5276, 2.2283 -7.3375 1.5276, 2.2298 -7.337 1.5276, 2.253 -7.322 1.5276, 2.2724 -7.3013 1.5276, 2.2862 -7.2761 1.5276, 2.2867 -7.2741 1.5276, 2.2933 -7.2481 1.5276, 2.2941 -7.2232 1.5276, 2.4535 -7.1389 1.5276, 2.4182 -7.0786 1.5276, 2.2656 -7.1583 1.5276, 2.2483 -7.142 1.5276, 2.2246 -7.1284 1.5276, 2.1974 -7.1209 1.5276, 2.1803 -7.1196 1.5276, 2.1565 -7.1221 1.5276, 2.1312 -7.1309 1.5276, 2.1074 -7.1464 1.5276, 2.088 -7.1672 1.5276, 2.0748 -7.1906 1.5276, 2.0732 -7.1947 1.5276, 2.0519 -7.1821 1.5276, 2.0308 -7.162 1.5276, 2.0155 -7.1378 1.5276, 2.0067 -7.11 1.5276, 2.0049 -7.09 1.5276, 2.0074 -7.067 1.5276, 2.0075 -7.0661 1.5276, 2.0164 -7.0404 1.5276, 2.0295 -7.02 1.5276, 2.0313 -7.0173 1.5276, 2.0521 -6.9978 1.5276, 2.0773 -6.984 1.5276, 2.1053 -6.9769 1.5276, 2.1188 -6.9761 1.5276, 2.146 -6.9796 1.5276, 2.1715 -6.989 1.5276, 2.1791 -6.9932 1.5276, 2.1966 -6.9571 1.5276, 2.2221 -6.9266 1.5276, 2.2525 -6.9044 1.5276, 2.2896 -6.8893 1.5276, 2.3317 -6.8839 1.5276, 2.3705 -6.8887 1.5276, 2.4062 -6.9024 1.5276, 2.4381 -6.9246 1.5276, 2.4405 -6.9268 1.5276, 2.4663 -6.9574 1.5276, 2.4839 -6.994 1.5276, 2.4897 -7.02 1.5276, 2.4911 -7.0262 1.5276, 2.5002 -7.0262 1.5276, 2.5212 -7.0287 1.5276, 2.5411 -7.0362 1.5276, 2.5588 -7.0484 1.5276, 2.5735 -7.0649 1.5276, 2.5745 -7.067 1.5276, 2.5837 -7.0848 1.5276, 2.5886 -7.1068 1.5276, 2.589 -7.115 1.5276, 2.5865 -7.1363 1.5276, 2.5789 -7.1567 1.5276, 2.5665 -7.1745 1.5276, 2.5624 -7.1789 1.5276, 2.5451 -7.1921 1.5276, 2.5247 -7.2008 1.5276, 2.507 -7.2038 1.5276, 2.4558 -7.2038 1.5276, 2.4535 -7.2035 1.5276, 2.4501 -7.2028 1.5276, 2.449 -7.2027 1.5276, 2.4401 -7.2038 1.5276, 2.4323 -7.2069 1.5276, 2.4253 -7.2119 1.5276, 2.4206 -7.2171 1.5276, 2.4162 -7.2248 1.5276, 2.414 -7.2335 1.5276, 2.4137 -7.238 1.5276, 2.4147 -7.2465 1.5276, 2.4177 -7.2542 1.5276, 2.4227 -7.2614 1.5276, 2.4254 -7.264 1.5276, 2.4327 -7.2693 1.5276, 2.4403 -7.2723 1.5276, 2.4467 -7.2733 1.5276, 2.5139 -7.2733 1.5276, 2.5518 -7.2653 1.5276, 2.5866 -7.2482 1.5276, 2.6175 -7.2221 1.5276, 2.6401 -7.1904 1.5276, 2.6544 -7.1544 1.5276, 2.1791 -7.1913 1.5276, 2.1886 -7.1923 1.5276, 2.1992 -7.1961 1.5276, 2.2083 -7.2023 1.5276, 2.2157 -7.2105 1.5276, 2.2206 -7.2199 1.5276, 2.2232 -7.2304 1.5276, 2.2232 -7.2408 1.5276, 2.2205 -7.2518 1.5276, 2.2152 -7.2615 1.5276, 2.209 -7.2685 1.5276, 2.2004 -7.2747 1.5276, 2.1905 -7.2787 1.5276, 2.1791 -7.2801 1.5276, 2.1772 -7.2801 1.5276, 2.167 -7.2784 1.5276, 2.1567 -7.274 1.5276, 2.1479 -7.2673 1.5276, 2.1414 -7.2592 1.5276, 2.1369 -7.2497 1.5276, 2.1348 -7.239 1.5276, 2.1354 -7.2279 1.5276, 2.1388 -7.2172 1.5276, 2.1446 -7.2078 1.5276, 2.1491 -7.203 1.5276, 2.158 -7.1967 1.5276, 2.168 -7.1927 1.5276
            ]
        }
        coordIndex [
            0,1,2,-1,3,2,4,-1,4,2,5,-1,6,7,8,-1,9,10,11,-1,12,13,14,-1,14,13,15,-1,14,15,16,-1,17,18,14,-1,14,18,19,-1,14,19,12,-1,12,19,20,-1,2,1,21,-1,21,1,22,-1,21,22,23,-1,23,22,24,-1,23,24,25,-1,25,24,26,-1,25,26,27,-1,6,8,28,-1,26,29,27,-1,27,29,8,-1,27,8,30,-1,30,8,7,-1,16,31,14,-1,14,31,32,-1,14,32,33,-1,33,32,34,-1,11,10,35,-1,35,10,36,-1,35,36,37,-1,37,36,38,-1,37,38,39,-1,40,41,42,-1,42,41,43,-1,42,43,44,-1,44,43,45,-1,44,45,46,-1,46,45,47,-1,46,47,48,-1,49,50,2,-1,2,50,51,-1,2,51,5,-1,20,19,8,-1,8,19,52,-1,8,52,28,-1,53,54,55,-1,55,54,56,-1,55,56,57,-1,57,56,9,-1,57,9,58,-1,58,9,11,-1,59,60,61,-1,61,60,62,-1,61,62,63,-1,63,62,64,-1,63,64,65,-1,65,64,66,-1,65,66,67,-1,67,66,68,-1,67,68,69,-1,40,42,70,-1,70,42,71,-1,70,71,72,-1,72,71,73,-1,72,73,74,-1,74,73,75,-1,74,75,76,-1,76,75,77,-1,76,77,78,-1,78,77,79,-1,78,79,80,-1,80,79,81,-1,80,81,82,-1,82,81,83,-1,82,83,84,-1,38,85,39,-1,39,85,86,-1,39,86,87,-1,87,86,88,-1,87,88,89,-1,89,88,90,-1,89,90,59,-1,59,90,91,-1,59,91,60,-1,92,93,94,-1,94,93,95,-1,94,95,55,-1,55,95,96,-1,55,96,53,-1,97,3,98,-1,98,3,99,-1,98,99,100,-1,100,99,101,-1,100,101,102,-1,102,101,103,-1,102,103,104,-1,104,103,105,-1,104,105,106,-1,106,105,107,-1,106,107,108,-1,108,107,109,-1,108,109,110,-1,110,109,111,-1,110,111,112,-1,112,111,113,-1,112,113,34,-1,34,113,114,-1,34,114,33,-1,48,47,115,-1,115,47,116,-1,115,116,117,-1,117,116,118,-1,117,118,119,-1,119,118,120,-1,119,120,121,-1,121,120,122,-1,121,122,92,-1,92,122,123,-1,92,123,93,-1,97,124,3,-1,3,124,125,-1,3,125,2,-1,2,125,126,-1,2,126,0,-1,127,128,129,-1,83,130,84,-1,84,130,131,-1,84,131,132,-1,132,131,133,-1,132,133,134,-1,134,133,135,-1,134,135,136,-1,136,135,137,-1,136,137,138,-1,138,137,139,-1,138,139,49,-1,49,139,140,-1,49,140,50,-1,68,141,69,-1,69,141,127,-1,69,127,142,-1,142,127,129,-1,143,144,127,-1,127,144,145,-1,127,145,128,-1,146,147,148,-1,147,149,148,-1,148,149,150,-1,148,150,151,-1,143,127,148,-1,148,127,152,-1,148,152,146,-1,39,153,154,-1,155,11,35,-1,39,154,37,-1,37,154,156,-1,37,156,35,-1,35,156,157,-1,35,157,155,-1,155,158,11,-1,11,158,159,-1,11,159,58,-1,58,159,160,-1,58,160,57,-1,57,160,161,-1,57,161,55,-1,55,161,162,-1,55,162,94,-1,94,162,163,-1,94,163,92,-1,121,92,164,-1,164,92,163,-1,164,165,121,-1,121,165,166,-1,121,166,119,-1,119,166,167,-1,119,167,117,-1,117,167,168,-1,117,168,115,-1,115,168,169,-1,115,169,48,-1,48,169,46,-1,46,169,170,-1,46,170,171,-1,46,171,172,-1,46,172,44,-1,44,172,173,-1,44,173,42,-1,42,173,174,-1,42,174,71,-1,71,174,175,-1,71,175,73,-1,73,175,176,-1,73,176,75,-1,75,176,177,-1,75,177,77,-1,77,177,178,-1,77,178,79,-1,79,178,179,-1,79,179,81,-1,180,133,131,-1,81,179,181,-1,81,181,83,-1,83,181,182,-1,83,182,130,-1,182,183,130,-1,130,183,184,-1,130,184,131,-1,131,184,185,-1,131,185,180,-1,133,180,186,-1,133,186,135,-1,135,186,187,-1,135,187,137,-1,137,187,188,-1,137,188,139,-1,139,188,189,-1,139,189,140,-1,140,189,190,-1,140,190,50,-1,50,190,191,-1,50,191,51,-1,51,191,192,-1,51,192,5,-1,192,193,5,-1,5,193,194,-1,5,194,4,-1,4,194,195,-1,4,195,3,-1,3,195,196,-1,3,196,99,-1,196,197,99,-1,99,197,198,-1,99,198,101,-1,101,198,199,-1,101,199,103,-1,200,33,114,-1,103,199,201,-1,103,201,105,-1,105,201,202,-1,105,202,107,-1,202,203,107,-1,107,203,204,-1,107,204,109,-1,109,204,205,-1,109,205,111,-1,111,205,206,-1,111,206,113,-1,113,206,207,-1,113,207,114,-1,114,207,208,-1,114,208,200,-1,14,33,209,-1,209,33,200,-1,17,14,210,-1,210,14,209,-1,18,17,211,-1,211,17,210,-1,19,18,212,-1,212,18,211,-1,19,212,213,-1,19,213,52,-1,52,213,214,-1,52,214,28,-1,28,214,215,-1,28,215,6,-1,6,215,216,-1,6,216,7,-1,7,216,217,-1,7,217,30,-1,30,217,218,-1,30,218,27,-1,27,218,219,-1,27,219,25,-1,25,219,220,-1,25,220,23,-1,23,220,221,-1,23,221,21,-1,21,221,222,-1,21,222,2,-1,2,222,223,-1,2,223,49,-1,49,223,224,-1,49,224,138,-1,138,224,225,-1,138,225,136,-1,136,225,226,-1,136,226,134,-1,134,226,227,-1,134,227,132,-1,132,227,228,-1,132,228,84,-1,84,228,229,-1,84,229,230,-1,231,80,230,-1,230,80,82,-1,230,82,84,-1,231,232,80,-1,80,232,233,-1,80,233,78,-1,78,233,234,-1,78,234,76,-1,76,234,235,-1,76,235,74,-1,74,235,236,-1,74,236,72,-1,72,236,237,-1,72,237,70,-1,70,237,238,-1,70,238,40,-1,40,238,239,-1,40,239,41,-1,41,239,240,-1,41,240,43,-1,43,240,241,-1,43,241,45,-1,45,241,242,-1,45,242,47,-1,47,242,243,-1,47,243,116,-1,116,243,244,-1,116,244,118,-1,118,244,245,-1,118,245,120,-1,120,245,246,-1,120,246,122,-1,122,246,247,-1,122,247,123,-1,123,247,248,-1,123,248,93,-1,93,248,249,-1,93,249,95,-1,95,249,250,-1,95,250,96,-1,96,250,53,-1,53,250,251,-1,53,251,252,-1,54,53,253,-1,253,53,252,-1,54,253,254,-1,54,254,56,-1,56,254,255,-1,56,255,9,-1,9,255,256,-1,9,256,10,-1,10,256,257,-1,10,257,36,-1,36,257,258,-1,36,258,38,-1,258,259,38,-1,38,259,260,-1,38,260,85,-1,85,260,261,-1,85,261,86,-1,86,261,262,-1,86,262,88,-1,88,262,263,-1,88,263,90,-1,90,263,264,-1,90,264,91,-1,91,264,265,-1,91,265,60,-1,60,265,266,-1,60,266,62,-1,62,266,267,-1,62,267,64,-1,64,267,268,-1,64,268,66,-1,68,66,269,-1,269,66,268,-1,68,269,270,-1,68,270,141,-1,141,270,271,-1,141,271,127,-1,127,271,272,-1,127,272,152,-1,152,272,273,-1,152,273,146,-1,146,273,274,-1,146,274,147,-1,147,274,275,-1,147,275,149,-1,149,275,276,-1,149,276,150,-1,150,276,277,-1,150,277,151,-1,151,277,278,-1,151,278,148,-1,148,278,279,-1,148,279,143,-1,143,279,280,-1,143,280,144,-1,144,280,281,-1,144,281,145,-1,145,281,282,-1,145,282,128,-1,128,282,283,-1,128,283,129,-1,129,283,284,-1,129,284,142,-1,142,284,285,-1,142,285,69,-1,69,285,286,-1,69,286,67,-1,65,67,287,-1,287,67,286,-1,65,287,288,-1,65,288,63,-1,63,288,289,-1,63,289,61,-1,61,289,290,-1,61,290,59,-1,59,290,291,-1,59,291,89,-1,89,291,292,-1,89,292,87,-1,87,292,153,-1,87,153,39,-1,20,293,294,-1,20,294,12,-1,12,294,295,-1,12,295,13,-1,13,295,296,-1,13,296,15,-1,15,296,297,-1,15,297,16,-1,16,297,298,-1,16,298,31,-1,31,298,299,-1,31,299,32,-1,32,299,300,-1,32,300,34,-1,34,300,301,-1,34,301,112,-1,112,301,302,-1,112,302,110,-1,110,302,303,-1,110,303,108,-1,108,303,304,-1,108,304,106,-1,106,304,305,-1,106,305,104,-1,104,305,306,-1,104,306,102,-1,102,306,307,-1,102,307,100,-1,100,307,308,-1,100,308,98,-1,98,308,309,-1,98,309,97,-1,97,309,310,-1,97,310,124,-1,124,310,311,-1,124,311,125,-1,125,311,312,-1,125,312,126,-1,126,312,313,-1,126,313,0,-1,0,313,314,-1,0,314,1,-1,1,314,315,-1,1,315,22,-1,22,315,316,-1,22,316,24,-1,24,316,317,-1,24,317,26,-1,26,317,318,-1,26,318,29,-1,29,318,319,-1,29,319,8,-1,8,319,293,-1,8,293,20,-1,
        ]
    }
}
Shape{
    appearance Appearance {
        material  Material 	{
            diffuseColor 1.0 1.0 1.0
            specularColor 0.5019607843137255 0.5019607843137255 0.5019607843137255
            ambientIntensity 1.0
            transparency 0.0
            shininess 0.5
        }
    }
    geometry IndexedFaceSet {
        ccw TRUE
        solid FALSE
        coord DEF co Coordinate {
            point [
                2.1772 -7.2801 1.5276, 2.1491 -7.203 1.5276, 2.1446 -7.2078 1.5276, 2.1905 -7.2787 1.5276, 2.2004 -7.2747 1.5276, 2.1886 -7.1923 1.5276, 2.1791 -7.1913 1.5276, 2.168 -7.1927 1.5276, 2.158 -7.1967 1.5276, 2.1369 -7.2497 1.5276, 2.1414 -7.2592 1.5276, 2.1479 -7.2673 1.5276, 2.1791 -7.2801 1.5276, 2.1388 -7.2172 1.5276, 2.1354 -7.2279 1.5276, 2.1348 -7.239 1.5276, 2.1567 -7.274 1.5276, 2.167 -7.2784 1.5276, 2.209 -7.2685 1.5276, 2.2152 -7.2615 1.5276, 2.2205 -7.2518 1.5276, 2.2232 -7.2408 1.5276, 2.2232 -7.2304 1.5276, 2.2206 -7.2199 1.5276, 2.2157 -7.2105 1.5276, 2.2083 -7.2023 1.5276, 2.1992 -7.1961 1.5276
            ]
        }
        coordIndex [
            0,1,2,-1,3,4,5,-1,6,7,0,-1,0,7,8,-1,0,8,1,-1,9,10,2,-1,2,10,11,-1,6,0,5,-1,5,0,12,-1,5,12,3,-1,13,14,2,-1,2,14,15,-1,2,15,9,-1,11,16,2,-1,2,16,17,-1,2,17,0,-1,4,18,5,-1,5,18,19,-1,5,19,20,-1,20,21,5,-1,5,21,22,-1,5,22,23,-1,23,24,5,-1,5,24,25,-1,5,25,26,-1,
        ]
    }
}